Username,Total Reviews,Flagged Reviews,Year Joined
Teri James,147,39,2019
Randolph Kay,103,76,2006
Rajat Satashiya,143,37,2005
Rachit Gupta,113,100,2018
Dwight Schrute,103,73,2018
Ujjwal Gupta,104,62,2014
Suyash Johri,130,46,2018
Evelyn Gallant,94,60,2014
Samrat Rode,82,16,2019
Dan Gilbert,147,52,2014
Barbara Tipton,73,30,2016
Donald Betts,88,22,2017
David Rankins,96,24,2018
Manuel Carney,119,17,2022
Barry Simon,50,72,2020
Michael Crayton,121,64,2012
Karma Mcdonald,56,52,2020
Carrie Strickland,110,61,2019
Herman Foster,107,23,2010
Dawn Porter,136,58,2006
Elizabeth Kuhl,121,53,2013
Michael Jefferson,75,75,2022
Ronald Jones,69,51,2011
Lloyd Elhard,106,46,2016
Danielle Lane,61,69,2019
Gina Nelson,134,51,2016
Jules Munnis,82,46,2008
Amber Lloyd,147,57,2018
Willie Crowell,74,10,2010
Judith Norman,131,64,2009
Wilma Garza,89,68,2014
Walter Jennings,118,54,2016
Teresa Bouska,106,25,2009
Michael Froman,148,59,2019
Robert Ceron,60,30,2017
Ernest Mills,72,78,2018
Emma Nations,146,35,2012
Joyce Robinson,97,7,2008
Robert Howard,134,75,2020
Jeremy Mckinzie,102,29,2010
Paula Miller,64,40,2008
Leslie Seward,107,10,2016
Timothy Hernandez,69,5,2007
David Bruton,85,73,2020
Joshua Evans,127,69,2019
Robert Cummings,82,68,2005
Margaret Payne,93,74,2010
Mark Powers,113,65,2015
Kenneth Dickson,114,41,2017
Betty Johnson,61,20,2007
Peter Carroll,97,5,2022
Maria Mccain,59,62,2013
Clifton Oliva,125,70,2008
Eva Garcia,82,73,2022
Lanny William,93,75,2018
Dolores Cooper,101,13,2016
Mildred Gay,57,74,2008
Lauri Sutton,75,50,2021
Matthew Currier,76,53,2013
Donald Unnasch,145,45,2012
Benjamin Bastian,132,55,2005
Edwin Martinez,128,37,2015
Irma Wroblewski,110,27,2010
Lee Paden,92,60,2019
Jonathan Hall,89,27,2017
Clara Sweezer,59,37,2011
Dana Combs,61,7,2015
Rose Rivera,135,40,2006
Steven Smith,83,79,2011
Robin Pittman,135,40,2007
Marie Quijano,58,30,2013
Deirdre Whalen,117,12,2013
Melanie Bolden,146,76,2008
Brooke Donson,144,72,2016
John Bernal,118,63,2011
Jason Appling,111,18,2011
Michelle Dunbar,149,63,2018
Vincent Kimpel,129,43,2010
Hugh Mccuen,86,33,2012
Gloria Hostetler,146,20,2014
Reyna Tepper,103,18,2017
Dave Stevens,86,28,2009
Chris Reynolds,118,80,2020
Evelyn Slatton,79,10,2008
Erica Vandermeer,100,12,2006
Jack Garcia,98,52,2007
Eric Stinson,128,6,2012
Andy Caulfield,147,70,2007
Darren Sullivan,60,13,2016
Laura Hicks,121,19,2015
Bettina Galdames,75,51,2006
Brenda Zehender,134,80,2018
Alanna Hendon,72,62,2017
Donovan Salazar,105,50,2014
Bryan Morrow,116,65,2007
Tiffany Volpe,91,63,2018
Scott Ling,148,13,2009
Anglea Keels,51,15,2013
Jose Smiechowski,110,26,2005
Joel Rojas,104,76,2022
Joyce Richardson,101,33,2018
Paul Canizales,68,31,2012
Rick Lee,63,77,2021
Carla Stilwell,138,68,2020
Patricia Hall,84,79,2009
Sam Skidgel,71,14,2006
Donald Brooks,102,40,2018
Billy Trevino,97,53,2018
Johnie Filley,59,28,2010
Johnnie Kephart,125,25,2005
Paula Ryals,126,73,2006
Francisco Duncan,79,76,2016
Joyce Gracia,129,39,2011
Archie Luneau,122,62,2017
Matthew Jones,88,31,2013
Maria Wood,131,32,2015
Joshua Adderley,146,67,2013
Michael Sweitzer,112,40,2021
Jennifer Campbell,72,34,2014
Ashley Jarrett,150,68,2012
Mario Ritchie,71,78,2020
Joshua Clark,143,52,2022
Robert Peterson,140,8,2022
Billy Naccarato,82,71,2005
Steve Jentzsch,75,21,2018
Johnnie Colin,122,32,2013
Edward Rape,104,72,2013
Linda Kama,129,63,2007
Margaret Hogarth,50,44,2007
Charles Wheeler,141,78,2020
Naomi Seawright,79,46,2012
Nicholas Dubois,111,65,2020
James Gonsales,87,70,2012
Russell Payne,108,31,2014
Gregory Gravina,52,32,2012
Raymond Scott,75,74,2006
David Shapiro,76,41,2012
Ralph Wyrick,143,32,2014
Juliette Andreas,133,32,2021
Stephaine Ser,95,76,2007
Elaine Yingling,150,19,2007
Stacey Carleton,116,46,2005
Robert Schenkel,113,50,2015
Johnna Russell,67,46,2018
Sharon Mitchell,50,63,2018
Doretha Owens,82,31,2019
Mark Wohlert,67,13,2012
Dennis Hackler,116,16,2019
Sharon Eldridge,100,26,2019
Amy Kelley,63,33,2009
Clara Gilman,94,13,2005
Albert Cason,61,78,2019
Beatrice Hoerner,117,28,2013
Pauline Marta,92,71,2005
Amanda Martin,148,17,2009
Marc Giebner,110,16,2019
Jill Bond,57,8,2020
Jose Cannon,54,47,2010
Troy Johnson,96,56,2015
Leslie Mclaughlin,70,32,2016
Irene Ellis,86,74,2019
Beatrice Look,58,60,2018
Dan Mingus,135,71,2018
Ashley Ramirez,83,39,2006
Concetta Kennedy,119,13,2007
Andrew Silversmith,118,78,2014
Ricky Howard,147,24,2006
Elena Ellis,59,9,2015
Theresa Barron,133,33,2016
Eric Dotolo,146,11,2016
Linda Wojcik,51,79,2019
Calvin Hill,94,58,2010
Jacques Hovis,104,63,2020
Lionel Simpson,114,80,2022
Carrie Jaynes,106,74,2011
Bruce Cummings,57,20,2008
Daniel Valine,77,62,2009
Michael Pierce,58,76,2009
Kristin Hall,72,65,2009
Catherine Hale,109,20,2009
Emory Combs,135,7,2007
Jack Nelson,64,74,2022
Brenda Pierce,66,31,2020
Isaac Williams,115,73,2017
Christine Brake,115,39,2006
Kathy Tennant,55,8,2008
Elvira Butter,137,55,2015
Charles Houser,102,29,2007
Lynn Rempe,112,55,2012
Gilbert Lind,99,45,2005
Lisa Felty,116,48,2005
Steven Cooper,103,7,2009
Noe Sullivan,51,19,2008
William Tapia,66,28,2016
Sherry Temple,64,68,2019
Juliette Watson,82,49,2019
Edward Holcombe,87,41,2012
Jane Warner,114,58,2013
Gerald Williams,101,68,2012
Ervin Lamborn,53,25,2015
Elizabeth Latham,141,35,2005
Isaiah Wisnowski,76,75,2011
Tina Silversmith,148,10,2009
Ruben Phillips,90,42,2016
Karen Raheja,134,68,2018
Helen Cassin,122,18,2012
Donald Lair,142,9,2019
Ferne Perez,148,8,2016
James Caton,140,34,2020
Matt Bermeo,76,30,2016
Steven Villalba,147,48,2013
Claude Watson,148,73,2014
Marie Winsor,116,25,2015
Thomas Santiago,83,11,2007
Michael Flannery,85,52,2012
Eileen Griffin,126,77,2014
Edward White,99,23,2007
Robert Bassett,59,49,2016
John Graver,78,40,2017
Irene Jensen,75,38,2015
Richard Sheets,99,47,2013
Traci Wiltse,138,60,2013
Dorothy Yates,70,21,2005
Claudia Miller,59,67,2017
Albert Fischer,118,45,2010
Doug Mak,130,40,2017
James Richardson,122,21,2008
William Bertalan,130,77,2012
Barbara Ragan,105,52,2017
Frank Shuffler,54,8,2006
Gerardo Cook,55,42,2010
Charles Dubois,68,67,2017
Dana Ortiz,86,21,2022
Gerry Myers,123,30,2013
Adela Bienkowski,98,23,2019
Mark Karr,134,73,2010
George Cox,111,71,2018
Antione Murphy,124,69,2019
Robert Beyah,109,72,2022
Melissa Crosby,57,61,2012
Edward Owens,146,74,2009
Frances Apodaca,91,64,2007
Thomas Champlin,68,16,2010
Lillie Parson,52,29,2005
Moses Tapper,79,77,2015
Norman Oglesby,131,31,2022
Jenny Napier,79,70,2018
Irene Smith,86,30,2013
Homer Rotondo,119,64,2013
John Wolfe,134,10,2014
Bonnie Rau,60,46,2006
Brady Jenkins,101,7,2013
Carl Brewer,86,41,2020
Georgia Mckelvey,96,66,2009
Bruce Carter,145,16,2009
Amy Shibuya,128,70,2009
Rosa Elerson,131,52,2017
Stephen Rosenfeld,150,18,2012
Myrtle Kim,141,66,2020
Corrine Long,93,56,2014
John Burnham,124,75,2014
Linda Goddard,77,45,2007
Edwardo Zapata,50,40,2016
Amanda Mcmackin,57,53,2013
Patricia Woodruff,102,32,2021
Shelby Richards,55,27,2020
Steven Marshall,139,66,2021
Gertrude Fancher,95,80,2008
Susan Castro,139,12,2014
Leila Meyer,100,61,2013
Katharine Portnoy,140,78,2005
Russell Watson,79,41,2012
Patricia Nelson,82,57,2016
Jennie Braxton,140,22,2012
Helen Allen,98,56,2007
Melissa Dillehay,73,76,2014
Jorge Goode,131,29,2005
April Herrington,133,50,2005
David Miles,97,72,2014
Beverly Carmley,85,59,2020
Andrea Horner,58,73,2021
Blake Ferullo,58,11,2018
Raymond Mullaney,80,66,2021
Christie Webber,101,67,2005
Tiffany Soto,91,32,2011
Blanca Ashley,104,51,2011
Rodney Johnson,136,55,2006
Cody Hampton,147,63,2006
Frank Albury,70,75,2012
Vicky Shelton,95,50,2006
Leslie Weiss,145,38,2018
Glenna East,124,68,2017
Jacob Trice,100,61,2009
Alex Yoshioka,72,33,2018
Sherry Taylor,50,64,2007
Edwina Greer,125,48,2005
Percy Kawai,67,41,2008
Brian Zant,71,36,2007
Bernice Brandon,92,25,2017
Christopher Kurylo,58,32,2006
Brad Albritton,132,80,2020
Cathy Swift,141,26,2014
Frank Moran,50,80,2005
Mary Valenzuela,129,39,2019
Bobbie Schell,56,16,2011
Darrell Graham,89,32,2005
Valerie Southern,83,62,2022
Estelle Hayes,70,46,2006
Major Broenneke,73,9,2017
Jeff Zambrano,150,64,2010
Annie Searcy,141,7,2005
Deborah Morgan,63,23,2020
John Albers,122,68,2014
William Willis,90,12,2006
Nelson Carter,75,22,2008
Douglas Thornton,61,25,2016
Jason Manning,116,78,2019
Jean Battee,60,13,2017
Billy Hisaw,86,28,2020
Linda Howard,122,31,2014
Alvin Austin,109,23,2006
Valery Najera,104,25,2021
Emily Lindsey,65,5,2015
John Hamblin,65,66,2022
Rema Harrell,129,9,2021
Sean Russell,58,65,2006
William Clark,128,39,2007
Jennifer Petrovich,107,31,2008
Ralph Horton,117,49,2022
Raymond Rogers,107,66,2013
Lucille Jones,51,55,2006
Christina Mckenzie,59,21,2018
Scott Morgan,84,26,2009
Robert Dunbar,100,41,2008
Geraldine Larry,133,33,2007
Mark Herman,61,60,2022
Morris Kimes,58,33,2013
Vivian Shirley,122,6,2016
Deann Moody,86,66,2021
Ignacio Goodman,103,25,2009
Amanda Sayles,79,43,2010
Dorothy Roddy,120,26,2016
Keith Lee,150,29,2011
Bobby Brewster,125,26,2007
Vincent Acker,91,20,2009
Guy Perry,142,17,2009
Jana Glenn,95,71,2013
Lloyd Kirby,123,76,2007
Elisa Juarez,76,42,2005
Sarah Cole,69,33,2012
Gwendolyn Cathey,133,60,2011
Jeanetta Cisneros,102,66,2016
Essie Chaves,97,10,2011
Amber Hardy,62,77,2021
Joanie Burke,81,70,2017
Anna Hanover,74,21,2017
Nicholas Eckstein,81,63,2020
Elizabeth Thornton,92,42,2005
Diane Stimmel,63,18,2008
Randall Tao,103,48,2006
Junior Harvey,95,80,2012
Dorothy Blackwell,144,58,2007
Sherry Everett,139,5,2022
Kelvin Badger,122,11,2022
Ross Conway,142,37,2012
Martin Cochran,53,11,2011
George Bates,141,29,2008
Deborah Silverman,96,44,2011
Amanda Abbott,144,54,2011
Amber Anderson,99,63,2016
Michael Peoples,112,27,2017
Silas Mabry,58,32,2010
Daniel Henrick,75,9,2016
Juan Applegate,86,44,2018
Thomas Walker,103,21,2021
Roy Chaney,100,24,2017
Vincenza Casteel,84,27,2008
Brandon Lewandowski,120,21,2014
Elroy Sifre,119,40,2021
Robert Crafter,128,72,2008
Miss Gillespie,150,52,2019
Pam Jackson,76,65,2014
Joyce Trottier,123,44,2018
Linda Davidson,63,26,2019
John Weldon,135,41,2011
Francisco Joyce,143,40,2018
Lori Johnson,109,24,2012
Charles Daly,51,21,2019
Brenda Wilson,102,42,2018
Bertha Vesey,145,39,2020
Pam Alexander,146,70,2007
Nathan Stewart,134,45,2014
Margarita Martell,76,71,2005
Cory Goodman,69,32,2016
Cecilia Gholston,149,54,2008
Clementine Daniels,78,18,2022
David Manning,90,73,2022
Paul Lafferty,55,8,2018
Cindy Horvath,94,24,2009
Michelle Atkins,69,72,2009
Robert Butler,102,50,2018
Gladys Nickell,56,17,2011
Stephen Allison,69,80,2013
Floyd Finwall,125,14,2019
John Big,144,73,2019
Suzanne Wright,94,46,2007
Michael Goss,109,47,2015
Candace Thompson,80,66,2019
James Sedillo,90,54,2015
Michael Kramer,56,59,2010
Karen Jones,107,23,2011
Ayana Robinson,109,20,2010
Clinton Tavares,142,77,2006
Betty Brunson,71,38,2018
Betty Mchenry,126,44,2021
Thomas Green,53,37,2008
David Deluca,73,77,2022
Christopher Manfredi,110,78,2019
Kathy Heffner,110,65,2007
Lawrence Hopper,147,63,2017
Gary Phillips,132,38,2022
Angela Wood,130,6,2008
Jonathan Holbrook,140,32,2022
John Foreman,119,57,2014
Bonnie Bursley,57,48,2021
Hannah Maki,131,28,2009
Charles Downs,50,75,2009
Sadie Hatcher,138,53,2006
Anthony Nimmo,96,79,2006
Glenn Jarvis,146,28,2022
Michael Hammett,87,31,2020
Erma Jones,124,5,2015
Jay Jarnigan,64,40,2015
Michael Bowie,70,73,2015
Roy Renfro,103,16,2017
George Smith,87,77,2020
Leslie Birdsong,94,15,2018
Anna Wright,143,46,2007
Stacey Lefebvre,53,36,2016
Nancy Lafave,100,5,2006
Barry Cleveland,143,30,2020
Michael Richards,126,72,2022
Jeremiah Knight,84,34,2007
Brenda Wright,52,43,2014
Sandra Boggs,149,12,2022
Jeffrey Rosseau,69,59,2018
Steven Benjamin,150,69,2008
Sean Gonzales,79,15,2019
Robert Ingalls,57,18,2017
Gary Hammack,106,32,2017
Kathleen Taylor,105,9,2020
Sallie Tucker,128,62,2014
Joseph Deponte,112,44,2005
Aaron Bunn,54,52,2009
Shelley Telles,94,49,2012
Cynthia Eady,147,77,2016
Casandra Black,51,25,2014
Nancy Luedeman,109,42,2020
Brenda Nielson,64,21,2007
Tiffany Ocheltree,127,80,2009
Leroy Jones,77,29,2010
Heather Fitzgerald,78,25,2021
Michael Thompson,82,53,2015
Echo Baxter,138,10,2011
Theresa Lazor,69,7,2014
Paul Bernet,53,57,2006
Olivia Armstrong,95,59,2022
Janet Wojenski,111,25,2006
Susan Mencia,100,13,2011
Siu Rojas,148,19,2013
Brenda Brittain,110,49,2006
Marylou Amaya,97,36,2016
Gustavo Dodgen,54,80,2011
Johnnie Deutscher,72,66,2013
Peter Jones,127,36,2018
Mary Grant,139,67,2018
Dorothy Smith,145,5,2018
Lindsay Jones,122,19,2010
Mirta Scott,89,61,2009
Helen Mandeville,54,7,2016
James Eller,136,70,2021
George Dotson,76,74,2007
William Harlin,74,53,2010
James Faulkner,86,58,2022
Collin Taylor,142,63,2016
Jonathan Hunt,122,42,2006
Jodi Seales,136,27,2012
Johnnie Mcelroy,117,67,2022
Annie Hicks,100,69,2007
Maryjane Schmidt,94,75,2022
Robert Shively,74,49,2011
Rebecca Chapa,127,10,2013
Avis Wheeler,148,22,2006
Diana Lee,90,37,2016
Paul Jenkins,88,60,2012
Eugene Henderson,134,8,2019
Susan Reid,132,75,2006
Robin Simpson,143,24,2010
George Fraser,80,59,2010
Michael Lovell,114,75,2018
Faye Wilson,102,64,2021
Charles Ellis,101,28,2021
Patricia Reynolds,84,61,2018
Walter Lee,85,10,2021
Rachel Warren,94,62,2010
Curtis Latta,123,28,2012
Gordon Turkel,138,29,2020
Michael Battle,64,44,2013
Denna Perryman,112,10,2016
Rebecca Thorp,131,48,2014
John Richardson,141,56,2012
Hyman Dewing,117,34,2011
David Taylor,95,57,2015
Michael Dailey,93,29,2012
Duane Steib,83,50,2015
Tara Malone,118,38,2011
Barry Palacios,124,19,2018
Walter Rhea,67,21,2021
Linda Wayment,59,37,2016
Joanne Hall,95,17,2019
Donald Fields,145,73,2016
Rebecca Whalen,140,13,2018
Elizabeth Tomita,118,54,2013
Archie Hadiaris,150,30,2019
Andrea Richardson,64,5,2006
Delores Seavey,57,59,2010
Andrea Robbins,79,78,2005
Sean Baker,59,65,2019
Albert Craig,75,29,2014
Richard Jones,67,15,2013
Steven Poisson,103,51,2010
Robbie Ostermann,57,76,2012
Sharon Fusco,95,52,2009
James Lott,51,41,2020
David Coppenger,118,40,2013
Sheryl Stone,137,44,2022
Kevin Coles,130,25,2008
Dayna Sandefur,86,35,2010
Betty Green,76,32,2012
Patrick Jacko,130,40,2022
Erica Pooler,76,33,2014
Kenneth Lombardo,88,48,2006
James Beard,87,76,2010
Adele Clyatt,71,7,2021
Patricia Miller,74,41,2006
Robert Barnett,122,64,2013
Emma Thomas,50,22,2007
Pat Herkert,130,8,2019
Eugene Reynolds,110,40,2017
Edward Barnett,107,8,2021
Nanette Martin,57,46,2011
Robert Faulk,96,24,2017
David Davis,59,33,2022
Rebecca Langley,89,29,2013
Leonard Denham,86,5,2006
Jeffrey Stephens,144,55,2021
Rita Sherman,53,22,2011
Elizabeth Mendez,129,55,2022
Elaine Dasilva,122,80,2010
Tad Darrin,91,31,2019
Allen Bryant,90,48,2007
Tabatha Brown,123,52,2021
Buddy Corney,116,19,2010
Wm Berry,148,10,2005
Alvin Marquez,119,71,2013
Samara Huff,54,42,2008
David Taylor,57,40,2005
Michael Day,61,59,2015
Jeanne Earles,109,16,2008
Benjamin Jones,53,18,2010
Edith Foster,82,28,2019
John White,130,43,2021
Gary Tomassi,102,23,2013
Erin Dowell,50,31,2021
Bertha Keast,56,44,2008
Mohammad Guzma,103,71,2008
David Steiger,149,6,2005
Jeffrey Gonzalez,143,74,2016
Josephine Hanlin,113,35,2017
James Rawling,109,18,2016
Sara Bailey,88,80,2008
David Hanneman,127,66,2016
Nicole Tilley,64,53,2007
Ignacio Modesto,61,66,2018
Rosemarie Zelaya,71,13,2014
Indira Apple,114,22,2017
Roger Person,101,24,2009
Lashonda Creech,77,40,2012
Jason Heuck,64,45,2019
Diane Mccain,65,80,2019
Estelle Sefton,67,53,2007
Gloria Floyd,143,30,2021
Nicholas Peralta,89,5,2017
James Briggs,87,22,2012
Cecil Varrone,141,36,2013
Tyler Lewis,88,31,2007
Michael Lusby,92,25,2009
Karen Xiong,86,51,2010
Laura Chandler,114,9,2010
Mark Burtts,127,15,2006
Robert Brown,132,46,2008
Eileen Jackson,133,59,2012
Scott Mutz,142,59,2013
Debbie White,101,22,2022
Keith Page,51,24,2019
Michael Moreland,103,44,2015
Tonya Deal,124,5,2017
Octavia Nichols,77,71,2012
Ronald Woodruff,148,18,2006
Julia Simpson,111,49,2012
Justin Archer,134,53,2005
Bryan Blake,118,20,2020
Mario Frady,133,62,2009
Melissa Blocker,77,27,2012
Michael Volkert,118,76,2005
Christine Emch,55,16,2021
Dan Routson,67,15,2013
Martha Dewey,92,71,2016
Claire Mccoun,95,72,2012
Harold Dunn,65,11,2006
Janet Curtis,149,64,2017
Brenda Gonez,81,35,2013
Melissa Stobb,99,25,2015
Sabrina Ryan,52,79,2022
Karin Thompson,73,34,2016
Gregoria Hall,70,21,2006
Tanya Deanda,81,64,2007
Jason White,58,51,2006
Jacinta Mcghee,124,17,2009
Valerie Hill,146,40,2013
Kathryn Myers,68,19,2013
Mary Gann,85,18,2017
Michael Levine,128,59,2008
Vance Hutchison,57,39,2006
Shauna Nugent,83,63,2021
Donald Murphy,99,36,2011
Donald Brown,115,13,2005
Carlton Klimczyk,90,12,2006
Joshua Flores,53,22,2017
Theodore Getz,102,12,2018
Norman Valdez,62,63,2013
Wendy David,67,40,2010
Dawn Villeda,124,25,2008
Sandra Summers,105,51,2019
Amanda Tomko,144,38,2007
Major Constant,138,55,2021
James Mcbath,115,73,2020
Robert Castillo,51,37,2018
Ian Savoy,75,75,2016
Cecilia Peterson,64,32,2008
Mary Jacquemin,137,73,2005
Gustavo Mccard,91,23,2021
Edward Risbeck,125,56,2015
Sara Burns,86,38,2016
David Coria,80,62,2008
Cornelia Salazar,144,71,2017
Linda Oleary,96,14,2014
Hazel Moore,90,25,2018
Dann Guillory,94,69,2022
Helen Parker,75,74,2010
Victoria Johnson,112,22,2010
Roland Sankey,57,57,2015
Brent Whitson,138,69,2022
Diane Ebersole,51,28,2018
Jimmy Brewer,57,33,2014
Eric Sowinski,145,71,2013
James Lyons,137,6,2018
Mildred Bell,119,79,2008
Kyle Beu,63,54,2011
Ruth King,112,74,2018
Lynne Vang,148,70,2014
Martha Brown,131,60,2010
Kenneth Orzell,125,33,2005
William Partin,92,69,2009
Donna Betts,61,35,2011
Daniel Merritt,132,47,2005
Shirley Mcleland,118,48,2009
Janice Johnson,82,9,2013
Candace Delarosa,59,55,2017
Betty Smith,146,58,2016
Pablo Travers,148,13,2015
Craig Turner,68,58,2021
Danielle Stricklin,96,42,2021
Ellen Fischer,76,53,2009
Kenneth Frerichs,84,26,2005
Kimberly Lebeau,103,61,2016
Anna Larson,126,44,2021
William Jackson,70,19,2006
Christopher Wrye,68,10,2009
Keith Maness,109,11,2016
John Hoch,113,71,2019
Samantha Belcher,105,25,2015
Lois Shelton,148,78,2016
Doris Henderson,113,19,2017
Nicole Smith,81,58,2011
Morris Rivera,55,25,2008
John Huang,60,50,2006
Tracy Scott,64,36,2020
Michael Beard,84,9,2020
Elizabeth Sullivan,137,16,2019
Sarah Marquez,51,58,2008
Elsie Ruiz,53,76,2008
Karen Decker,101,15,2008
Maria Hernandez,127,60,2011
Wilma Craig,82,28,2017
David Mclean,69,29,2007
Matthew Mottillo,102,49,2019
Sherri Dorsey,55,9,2012
Milissa Harden,81,18,2017
Thomas Wiseman,89,40,2021
Peter Difilippo,119,80,2022
Virginia Strother,144,51,2014
Andrew Figaro,78,54,2022
Thomas Ison,70,69,2022
Pamela Krieger,72,74,2012
Pearl Dubberly,83,48,2008
James Schupbach,143,37,2021
Barbara Robinson,67,66,2012
Lisa Waters,126,23,2013
Rebecca Warren,148,78,2010
Anna Sinclair,143,20,2015
James Tabak,76,56,2020
Richard Lott,109,10,2016
Cheri Falk,139,60,2013
Barbara Pimentel,130,64,2005
Doris Petty,123,73,2005
Samantha Jorgensen,106,32,2016
Willard Kassler,133,33,2005
George Lawson,54,62,2020
Blaine Bender,133,12,2021
Steven Bass,114,50,2007
Rosie Chadwick,80,47,2012
Jason Larkin,59,64,2005
Christina Freiler,88,14,2015
Leonard Lane,82,38,2022
Thomas Jefferson,81,73,2009
Margie Finley,107,59,2020
Rose Kachmarsky,127,18,2008
William Sherman,54,53,2009
Jody Shoffner,144,38,2017
Marisela Obrien,134,43,2021
Kent Snyder,77,75,2016
Bradley Anderson,85,74,2020
David Alvarado,136,9,2020
Fred Knight,144,28,2013
Antonia Fox,93,62,2017
Tammy Reed,108,42,2016
Jewel Hayes,123,12,2012
Laura Rocha,112,16,2020
Rosemary Robbins,63,58,2006
Kaitlyn Woody,85,20,2020
Malcolm Potts,53,68,2006
Marie Gossett,98,43,2013
Rex Smith,101,7,2022
Donna Shasteen,131,21,2011
Earl Maxwell,96,19,2019
Holly Singletary,99,12,2019
Kenneth Combs,125,52,2021
Tammy Saenz,69,63,2006
Robert Shortt,81,75,2020
John Gamboa,57,8,2018
Anthony Ulibarri,133,17,2011
Richard Barrett,123,79,2015
Daniel Smith,147,13,2014
Kevin Miller,117,28,2012
Carla Vanmatre,62,12,2020
Leslie Davis,50,75,2007
Dena Monday,124,32,2007
Tyler Glover,87,73,2022
Susan Tolentino,93,9,2022
Michael Galvan,80,18,2021
Harold Vanhoutte,127,80,2013
Leonard Babb,108,52,2006
John Briggs,108,5,2022
Elva Santana,145,22,2021
John Rishel,120,72,2006
Viola Bentley,116,62,2008
Aurora Yates,70,63,2014
Charles Wexler,132,57,2017
Charles Guillen,75,64,2014
David Stanley,102,45,2010
Catherine Anguiano,126,54,2019
John Ormsby,105,20,2016
Jerry Lewis,109,20,2014
Eugene Campbell,82,75,2010
Brenda Pipkin,87,43,2010
Gregg Fraire,134,19,2015
Jim Stewart,57,12,2015
William Dang,119,23,2011
Georgann Wallace,148,40,2015
Beulah Hutchins,67,32,2016
Sara Loyd,105,27,2008
Hoa Nolan,129,11,2016
Ariel Crockett,96,12,2017
Darwin Jacobs,143,32,2008
Robin Siler,92,76,2010
Thomas Koger,150,68,2018
Petra Tarter,109,76,2016
Edward Schmidt,69,72,2013
Mary Williams,111,67,2008
Karen Reed,93,76,2022
Elizabeth Mcgurr,108,29,2008
Patricia Albro,57,28,2012
Dorothy Vincent,99,17,2015
Teri Molden,69,22,2020
Laura Monk,121,79,2020
Susan Hill,132,11,2021
Thomas Hafenstein,92,72,2020
Jacqueline Pressley,81,66,2008
Amanda Davey,112,50,2012
Charles Livezey,111,54,2021
John Rodriquez,145,39,2007
Laura Sequra,58,65,2010
Anita Waid,133,63,2022
Bruno Mixon,86,76,2013
Robert Brown,146,16,2018
Tanya Linn,144,67,2020
Meghan Witt,55,57,2014
Diane Strong,71,11,2013
Leona Callahan,86,23,2014
Edward Sparrow,78,29,2015
Ryan Stiles,50,8,2011
Mitzi Ivey,60,43,2020
Gertrude Patton,106,15,2018
Rocco Brantley,69,75,2011
Sun Gallman,90,7,2016
Jacob Buck,52,74,2009
Mirna Agena,66,10,2022
Pat Gutierrez,142,5,2013
Stephen Ray,73,74,2011
Nelda Dunn,113,55,2019
Lilly Wallenbrock,148,39,2009
Sandra Kurian,150,10,2014
David Holdman,147,66,2009
Carl Shay,130,9,2014
Joyce Culp,111,26,2006
Effie Perry,91,7,2015
Paula Eaton,74,66,2016
Mitchell Hernandez,87,79,2011
Elli Hall,144,48,2013
Gerald Stackhouse,73,34,2005
Annie Lackey,63,61,2007
Mary Shellhammer,63,66,2005
Helen Arroyo,76,36,2013
Ashley Ultseh,132,74,2016
Sherry Tussey,93,57,2022
Jesus Parraga,100,75,2016
Joyce Barile,135,53,2011
Elizabeth Williams,50,24,2020
Lucille Trasher,98,20,2009
Allen Cadena,118,69,2013
Timothy Zaldivar,127,68,2022
Apryl Giannavola,77,66,2011
Aaron Orenstein,147,24,2007
Sonya Douglass,90,68,2020
Ethel Litten,73,44,2018
Jeffrey Prattis,100,28,2021
Mary Dole,125,21,2020
Lisa Farrell,120,34,2013
Mark Woods,132,67,2020
Cliff Eckstein,95,15,2019
Artie Rosi,91,68,2019
William Price,62,12,2015
Ola Parrott,69,64,2011
Elsie Johnson,133,47,2014
Steven Burt,130,34,2013
Sandra Stromquist,105,77,2017
David Pitcock,69,42,2007
Kenneth Spain,123,57,2005
Pauline Steffen,77,73,2010
Francisco Honeywell,95,65,2005
Viola Rittinger,68,73,2018
David Stokes,147,48,2007
Fay Bailey,148,14,2006
Tabatha Beckham,50,73,2014
Antonia Demartino,64,31,2021
Eugene West,84,5,2012
Mark Seymore,113,60,2010
Danielle Mcqueen,88,71,2008
Mark Houghtaling,81,10,2006
Mary Pollard,79,78,2013
John Goodwin,63,75,2022
Chelsea Butler,103,62,2011
Frances Thompson,57,8,2018
George Stevens,89,69,2009
James Chambers,128,65,2012
Donna Linkous,73,5,2020
Annette Orlowski,119,10,2013
Martha Marshall,67,21,2006
David Caballero,66,66,2014
Sean Caldwell,68,26,2011
Clarence Mckinney,99,24,2021
Betty Lindley,136,35,2018
Otis Stroud,78,64,2018
Carol Henderson,93,20,2016
Jared Goulet,138,45,2015
Steven Cohen,74,35,2005
Jesus Erickson,76,39,2012
Rachel Lucy,114,15,2011
Emilio Blackburn,104,54,2020
Janet Sisler,141,80,2021
Shane Molina,99,5,2007
Brenda Miller,148,74,2009
Edward Durisseau,102,53,2009
Sandra Jefferson,63,22,2007
Cassandra Livley,50,34,2008
Scott Crofton,97,37,2022
Sarah Booth,88,64,2018
Paul Durgan,83,12,2021
Brandon Bradford,113,42,2015
Louis Roffe,97,69,2022
Mary Matteo,79,37,2010
Peggy Turner,124,9,2007
Carlos Spicer,124,19,2009
Cecilia Potter,92,67,2018
Robert Dey,134,77,2017
Lucia Moreno,83,13,2012
Margaret Massie,60,54,2020
Lucy Horgan,70,30,2022
Iva Adams,146,66,2015
Ashley Macfarland,128,46,2009
Miranda Mares,114,23,2011
Patricia Hooper,81,24,2011
Larry Ferris,120,44,2021
Sara Parker,146,53,2010
Amy Epp,128,76,2016
Thomas Scott,86,63,2009
Carolyn Person,56,46,2017
Misty Roden,73,80,2022
Marcus Florio,141,57,2009
Lawrence Woodruff,150,25,2006
Paul Alexander,142,7,2014
Joseph Mcgehee,138,17,2017
Jean Roderick,90,33,2015
Marisela Phillips,54,72,2011
Viola Garhart,54,66,2020
Kevin Cox,126,52,2014
Helen Johnson,81,14,2008
Kathleen Hines,149,19,2020
Robert Trotter,64,35,2020
Chris Bishop,82,12,2021
Michael Wapp,103,8,2014
Jody Elliott,69,47,2012
Maxine Ginsburg,102,36,2022
Thomas Knapp,72,39,2006
David Smith,118,33,2006
Antonio Espinoza,125,79,2008
Beth Miller,51,33,2019
Charlene Kiley,104,66,2021
Gabriel Tinney,54,55,2005
John Newman,66,25,2014
Tina Piche,135,20,2009
Robert Bynum,102,80,2016
Joshua Hall,134,39,2019
Marcel Berger,94,34,2007
Angela Esperon,87,17,2020
Cynthia Marshall,80,58,2008
Edward Herring,90,15,2012
Erin Banner,66,29,2007
Michael Flagge,101,80,2008
Elizabeth Lynch,150,45,2010
Thomas Knapp,121,35,2021
Jean Mcwilliams,137,67,2021
Jesus Hughes,65,57,2008
Dustin Murdock,132,14,2022
Alfred Ramos,140,67,2017
Jason Cross,80,25,2006
Raymond Blanton,106,32,2018
Ronald Horan,130,41,2021
Edwin Gebhart,50,21,2008
Sharon Castro,145,68,2021
Regina Metzler,124,5,2007
Lisa Roberts,116,15,2008
Doris Nerad,116,40,2020
Patricia Bauer,73,54,2018
Glenn Smith,111,77,2011
Gerald Linder,105,8,2016
Gary Arnold,107,45,2019
Kenneth Greaves,88,73,2008
Gabriel Williams,120,77,2011
Arlene Rhudy,104,52,2011
Beverly Roach,58,80,2016
Linda Silva,68,49,2012
Glen Davis,90,59,2006
Paul Pope,115,25,2019
Juan German,130,37,2022
James Kimpel,110,18,2017
Robert Nguyen,67,7,2010
Dorothea Mccord,51,41,2015
Clint Fernando,66,47,2014
Wendy Mckinley,148,59,2012
Ashley Stoner,102,7,2012
Robert Mason,73,36,2021
Mildred Chisholm,116,55,2013
Maria Poe,80,41,2016
Maricela Branham,134,30,2018
Nicole Semple,51,32,2014
Deborah Pannell,146,16,2013
Velma Jordan,123,7,2022
Everett Mckenna,79,32,2018
Sonya Robertson,134,60,2022
Glenn Smith,54,74,2011
Larry Maicus,116,53,2012
Teresa Booth,110,16,2019
Julia Small,58,67,2020
Virginia Thomas,58,12,2009
Marie Mcclung,96,78,2006
Michael Bishop,52,40,2020
Matthew Conrad,73,58,2013
Yvette Bermudez,108,17,2015
Jeffrey Hayden,105,56,2013
Alisha Wilson,104,44,2011
Carrie Kim,91,21,2014
Brian Nicholson,98,49,2011
Lizzie Barefield,100,76,2018
Daniel Taylor,114,60,2008
Roger Crum,136,9,2011
Shirley Perna,148,52,2014
Deanne Pressley,95,7,2010
Rogelio Mckenna,134,74,2020
Paul Franca,56,31,2005
Laurence Gunther,52,55,2006
Eva Reynolds,122,73,2017
Irvin Smith,89,46,2015
Mildred Price,120,22,2007
Guadalupe Jimenez,132,28,2021
Cynthia Lyles,85,48,2010
Delila Mims,131,18,2006
Guadalupe Swift,119,80,2006
Mark Gall,100,51,2014
Linda Mcgray,72,77,2016
Cindy Cain,148,23,2015
Timothy Turner,52,21,2008
Rhonda Nguyen,133,46,2008
Bobby Conn,113,12,2008
Dean Hentz,124,29,2013
Terry Franklin,73,68,2005
John Elliott,135,29,2005
Kathy Truong,50,8,2020
John Jackson,66,24,2017
Ann Dunkleberger,142,31,2017
Barbara Diaz,108,21,2005
Tonya Freeman,83,29,2005
Mattie Preston,76,76,2014
Randy Rivera,87,7,2017
Darren Grant,141,32,2008
Rodney Calhoun,120,63,2006
Robert Bouie,81,59,2011
Jennifer Martin,80,19,2006
Elena Gomez,57,23,2020
Hazel Dougan,101,40,2020
David Petty,104,15,2010
Jamie Findley,89,78,2007
Carolyn Charland,104,49,2018
Elizabeth Bearden,140,12,2022
Catherine Cameron,101,6,2018
Rebecca Hopping,78,42,2021
Shannon Askew,118,69,2020
Carla Azen,54,53,2020
Garry French,141,49,2021
Gene Ramsey,97,47,2022
Pearl Carpenter,62,17,2019
Lisa Obrien,99,79,2020
Lucinda Pilkington,74,58,2018
Shirlee Karp,91,10,2005
Maureen Roark,150,12,2011
Ann Munoz,137,64,2006
James Brown,134,51,2020
Connie Garza,77,23,2009
Alice Miller,80,77,2020
Mary Ray,139,41,2012
Justin Mcgill,81,44,2014
Tonda Gibson,82,20,2008
James Diaz,50,37,2006
Sue Rivers,62,74,2015
Pauline Sanchez,71,78,2005
Felipe Palmer,63,59,2015
Beulah Teano,134,37,2005
Sheila Herbert,130,60,2018
Maria Orts,132,23,2014
Bertha Jones,70,76,2013
Jan Cashio,68,9,2009
Ethel Atkinson,118,71,2022
Larry Katechis,129,60,2005
Carmen Lee,89,73,2019
Joe Smith,98,70,2015
Donna Nance,72,37,2019
Debra Stone,121,13,2016
Toby Cherry,131,50,2018
Gregory English,147,40,2014
Toni Hall,94,47,2019
Alfonso Oliva,142,33,2010
Larry Doty,143,9,2005
Beatrice Harper,121,43,2005
Frederick Harris,116,69,2021
Andrew Gonzales,102,25,2016
Heather Montague,112,46,2017
Heather Johnson,73,63,2016
Maria Praino,101,12,2021
Joan Stevens,84,78,2006
Chad Montano,105,29,2013
Susan Albertson,85,50,2007
Kevin Kempton,91,33,2010
Catherine Harrison,86,13,2020
Margaret Davis,128,59,2012
Cathy Foster,76,49,2016
Janet Kong,142,78,2011
Douglas Weir,132,55,2010
Sondra Wagaman,115,10,2008
George Mathis,63,14,2022
Brian Cramer,135,68,2022
Joseph Berg,92,15,2011
Carl Vlashi,75,34,2015
Kimberly Howell,71,70,2017
Lorraine Clemence,59,68,2009
Clara Ryan,81,51,2018
Jason Ladner,52,52,2013
Richard Sanchez,139,13,2013
Mark Schuster,70,54,2014
Alison William,50,68,2021
Donny Chapman,69,47,2022
Mary Spillman,124,51,2022
Nakia Bueckers,109,44,2021
Barbara Lewis,109,60,2012
Christopher Hernandez,148,69,2022
Katherine Dolejsi,63,78,2014
Perry Johnson,123,22,2021
Judith Wellington,94,76,2019
Laura Mecca,148,46,2005
Lisa Gilley,103,26,2006
Lawrence Madison,59,10,2017
Joshua Sells,70,29,2015
John Kaur,108,19,2006
Kathleen Hubbard,132,45,2022
William Crewe,88,65,2005
Aimee Humphrey,55,53,2018
Justin Blue,141,20,2015
Albina Flores,58,52,2019
Sandra Jansen,135,16,2016
Toni Merchant,83,12,2005
Brenda Odell,116,23,2006
Thomas Lawrence,137,52,2017
Amy Wilkins,67,43,2011
Donna Figueroa,89,43,2018
Betty Kimble,61,54,2021
Jackie Smith,103,37,2005
Velma Hall,93,54,2013
Glenn Stancill,117,31,2012
Kristin Faux,123,37,2008
Lonnie Wilson,63,13,2005
Darlene Darden,98,55,2022
Bonnie Posey,108,52,2021
Raul Widmer,86,23,2010
Debra Bernal,141,29,2009
Edward Upshaw,106,75,2018
Verlene Penton,67,73,2008
James Pettey,133,59,2020
Theodore Choate,102,32,2018
Christopher Flores,140,14,2005
Fernando Milner,72,36,2009
Ralph Dugar,82,63,2007
James Badillo,99,70,2016
Donald Resto,129,51,2019
Frances Martinez,66,8,2015
Christopher Vanduzer,52,76,2018
Lauren Mceachin,66,77,2012
Rena Blackard,56,64,2019
Diane Williams,128,8,2021
Jinny Jun,94,53,2005
Rey Jaquet,132,76,2009
Winston Garcia,128,28,2022
Jessica Mcdonald,87,76,2008
Jackson Wengel,51,10,2021
Sandra Hoffman,52,80,2022
Caleb Woods,98,67,2021
Anne Sessions,66,49,2022
Ashley Miller,70,48,2010
Carlos Hart,107,55,2012
Debbie Lucena,83,30,2009
Adolfo Zaragoza,63,18,2021
Lillie Beer,90,13,2015
David Schlenz,137,32,2007
Melodee Schulz,84,36,2016
John Mullins,53,40,2016
Phillip Aronson,77,19,2010
John Burton,82,79,2019
Mildred Leggett,137,40,2009
Ivan Sinstack,147,64,2012
Dominica Claybrook,139,77,2009
Justin Zorns,53,38,2008
Milton Stephens,134,30,2008
Charles Tranter,117,66,2011
Roberta Lawlor,62,60,2021
Mary Cockrell,80,70,2008
Linda Paddio,85,62,2014
Juana Clark,73,43,2010
Angela White,108,44,2010
Tracy Barta,60,42,2012
Stacy Panebianco,75,26,2015
Robert Guarnieri,119,43,2011
Georgia Yokley,147,56,2021
Roslyn Williams,123,63,2009
Jennifer Perry,140,48,2021
Maria Cannon,55,40,2013
Carmel Mace,70,57,2015
Julie Sawyer,118,74,2020
Lee Weymouth,59,59,2020
Milton Dias,56,32,2022
Bobby Nieves,76,15,2015
Hayley Corbo,125,7,2016
Jane Biasi,130,13,2008
Jim Marx,91,76,2019
Leonard Grigsby,104,64,2011
Sean Campbell,55,25,2019
Sam Whitlow,87,67,2006
Earl Hatcher,135,26,2009
Leonor Baur,111,55,2013
Mary Snyder,121,35,2015
Stacey Marsalis,65,30,2013
Marissa Hampton,117,30,2019
Jeremy Harris,71,51,2010
Philip Considine,67,45,2015
Margaret Roth,62,63,2009
Bruce Cooke,98,18,2012
John Puckett,145,72,2008
Edward Esposito,122,48,2007
Margaret King,81,59,2022
Salvador Dixon,80,60,2011
Armando Davis,96,52,2019
Joyce Blair,76,14,2016
Gary Raymond,142,52,2005
Terrence Schmatz,72,50,2019
Tanya Leo,63,9,2012
Jorge Moniz,89,49,2021
Teresa Samuel,130,8,2019
Marie Heeren,94,40,2017
Jonathan Meador,103,13,2022
Jerry Hunt,94,34,2019
Sandra Mumaw,118,58,2016
Edward George,143,56,2014
Dana Lizarraga,102,56,2015
James Brown,143,9,2020
Alice Macaraeg,108,5,2022
Danny Doyle,71,28,2005
Sheryl Page,90,72,2008
Norman Tejeda,67,31,2018
Debbie Brower,50,36,2014
Mathew Shephard,116,73,2019
Whitney Garrett,104,57,2020
Mildred Shepherd,119,12,2019
Joseph Fennimore,68,25,2015
Cynthia Kisler,93,34,2016
Paula Ramsey,103,54,2007
Kelli Rodgers,138,10,2014
James Clark,147,31,2020
Juan Burton,121,37,2010
John Dowell,76,26,2016
Javier Manalang,62,10,2017
Tommy Whipps,71,75,2017
Helen Fritcher,131,18,2006
Catherine Welch,125,27,2016
Alexandra Luna,76,5,2018
Marilyn Thorn,94,80,2016
John Mccool,125,72,2020
Jeff Hill,59,38,2021
Mary Marx,116,7,2013
William Davis,139,72,2020
Alec Turnbull,132,66,2021
Tommie Rogers,51,57,2016
Randolph Barnes,124,21,2017
Daniel Lee,94,23,2011
Edgar Lavoie,109,41,2008
Amanda Weaver,142,8,2020
Bryan Craig,110,71,2011
John Tolson,121,12,2018
Pamela Duran,147,28,2010
Ruth Howells,66,6,2010
Andrew Turner,133,9,2006
Martin Deibel,83,19,2022
Nancy Fountain,66,68,2009
Bruce Ku,134,64,2020
Linda Graber,141,48,2019
Dionne Swain,113,30,2014
Esther Fritcher,133,80,2019
Joyce Marrow,60,28,2008
Carmen Larsen,74,34,2007
James Dilday,122,62,2010
Bernice Beckley,128,60,2011
Randall Ken,150,45,2017
Paul Duncanson,103,47,2015
Wilford Sheldon,125,47,2006
Florence Ritchey,92,74,2018
Rose Mcdaniel,142,19,2021
Susan Browning,108,19,2019
Samantha Yentsch,68,42,2012
Irene Mitchell,66,42,2019
Jim Fernandez,109,27,2019
George Cope,52,76,2020
Patricia Citron,87,33,2008
Lucia Nelson,108,22,2021
Linda Brund,108,10,2018
Ethelyn Mcdonald,103,40,2012
Lauren Carlile,90,39,2012
Gregory Evins,114,9,2013
Ramona Rocha,104,15,2017
Luis Parsley,65,47,2010
Barbara Voss,89,18,2019
Vance Daquilante,84,48,2009
Mary Mcdaniel,139,71,2017
Chad Lindsey,147,65,2021
Lauryn Sackett,89,69,2020
Shavon Ducksworth,98,25,2022
Patrick Turbacuski,114,9,2018
Miriam Harris,142,39,2021
Raul Bjorkman,108,47,2011
Rebecca Sanchez,110,49,2022
Renee Boulanger,54,54,2005
James Harper,94,56,2009
Kristin Weaver,75,67,2012
Patricia Parrish,142,67,2017
Michael Blankenship,103,47,2008
Agustin Thielen,81,42,2022
Annie Oneill,62,28,2005
Clarence Eisner,96,33,2020
Joe Lee,89,10,2008
Charlotte Ruble,55,77,2007
Kevin Shaver,142,18,2011
Josephine Novotny,73,21,2017
Frank Collins,133,14,2018
Debbie William,69,55,2022
Jerry Scott,113,43,2017
Douglas Sanders,149,76,2008
Tammy Kanas,101,35,2011
David Keen,98,54,2019
Deborah Fuller,99,68,2010
Jayne Emery,129,75,2013
Joshua Albers,72,12,2021
Gregory Lebron,92,80,2014
Deirdre Weaver,95,49,2018
Vida Walker,53,12,2017
Margaret Cox,118,38,2017
Trudy Walker,113,11,2014
Russell Embry,90,11,2006
Marcus Martinez,86,43,2019
Krista Reed,102,34,2014
Douglas Buckley,109,58,2013
James Reagan,55,69,2012
William Johnson,64,64,2011
John Meyer,97,75,2007
Richard Roque,121,14,2022
Lynetta Jacobson,98,64,2020
Todd Smith,63,13,2005
Edward Navarro,102,52,2022
John White,85,31,2010
Trisha Laskowski,140,53,2005
Michael Villarreal,125,59,2010
Beth Tilbury,128,30,2010
Jody Cape,63,59,2012
Joshua Mcadams,128,15,2013
Robert Seidel,140,40,2005
Mildred Nance,148,7,2010
Minnie Tracy,147,50,2015
Donald Liotta,76,28,2017
Robert Garcia,93,14,2019
Thomas Wayne,98,31,2017
George Martin,112,71,2009
Hazel Atkinson,69,18,2018
Wayne White,53,55,2012
Patricia Williams,111,61,2018
Jon Wenzel,75,27,2012
Charles Winston,98,38,2020
Audrey Helms,87,61,2009
Amanda Brechbiel,132,19,2007
Geneva Sexton,89,15,2011
Paul Fant,97,21,2008
Cecilia Whitfield,115,67,2016
Dora Hood,121,40,2013
Bobby Harris,81,23,2022
Randy Rodgers,99,37,2006
Eleanor Bennett,110,79,2007
Gary Sutton,85,80,2021
Marcelino Butler,86,51,2014
Jeremy Jackson,86,40,2012
Stan Mccarroll,107,35,2014
Misty Vaughn,101,77,2012
Marvin Guerra,61,18,2018
Diana Almon,78,72,2015
Deborah Wilhelm,148,6,2008
Louis Gambrill,103,8,2018
James Regan,99,49,2011
Peter Strain,115,33,2016
Vickie Dagostino,75,35,2017
Earl Gause,150,33,2009
Pam Andrews,109,31,2017
Jay Perdomo,91,61,2021
Beverly Minnick,53,78,2019
Bryan Hirkaler,128,38,2020
Steven Burt,101,45,2010
Jo Rudd,102,39,2010
Bebe Hunt,58,55,2022
Charles Gonder,66,51,2017
Mamie Church,86,34,2012
Joe Chapman,146,67,2022
Sarah Wier,101,43,2014
Dale Vang,76,78,2012
Morris Virgil,55,73,2021
Joshua Farrell,142,54,2017
Leslie Treat,70,80,2021
Racquel Langton,52,35,2009
Ana Tederous,126,45,2011
Kristen Womble,99,64,2010
Cynthia Parks,118,69,2017
Rhonda Swartz,140,58,2005
Marion Rawlins,77,25,2012
William Garnick,142,62,2020
Joseph Blackburn,97,70,2016
James Nino,135,47,2008
Cheri Rodriquez,59,5,2008
John Alicea,131,48,2011
Lorrie Pryor,111,23,2008
Stanley Motte,125,51,2013
Warren Shipton,121,35,2022
Steven Bidwell,107,77,2006
Dennis Lehnen,80,27,2020
Hilda Friedt,132,19,2012
Carol Guerriero,122,29,2013
Myra Denise,148,7,2015
Brian Brand,65,61,2010
William Cesari,82,78,2019
Evangeline Wayne,68,29,2009
Lea Zanola,84,51,2013
Julius Morton,142,79,2022
Phillip Berumen,73,53,2012
Kirby Manning,128,15,2007
Carol Kessler,105,37,2012
Naomi Devore,142,51,2010
Shirley Vessell,113,41,2009
Kyung Hacker,96,74,2015
Jane Spaeth,88,46,2014
Ana Bales,54,63,2007
Lakiesha Clark,88,11,2011
Marie Anderson,100,60,2022
Patsy Kreger,96,34,2019
James Carlson,93,5,2015
Erma Downey,149,12,2013
Peter Lingafelter,58,47,2016
John Coughlin,137,61,2007
Deborah Schlesser,84,23,2005
Julie Puccia,98,70,2008
Jeanette Nieves,83,64,2017
Blaine Certain,69,77,2006
Rebecca Perez,108,67,2022
Frances Evans,102,20,2012
William Levin,143,62,2006
Anna Weathers,63,23,2009
Terrence Polanco,55,31,2013
Thomas Peoples,65,64,2009
James Smith,82,54,2010
Shirley Hill,75,8,2007
Cindy Garrison,127,14,2006
Robert Laird,76,59,2014
Melvin Lemaster,146,26,2021
Marilyn Dyer,54,36,2016
Brian Hunsucker,99,17,2012
Brenda Jackson,94,40,2022
Douglas Clark,134,30,2022
Suzanne Morgan,67,67,2007
Gary Tye,89,32,2017
Richard Winter,57,43,2007
Luis Haines,104,75,2005
Alberta Ford,72,8,2018
Eric Glass,136,31,2006
Colleen Miller,114,40,2008
Jack Avery,106,54,2008
Ronald Porter,95,42,2021
Ray Betz,93,41,2021
Adam Tyler,58,15,2011
Ruby Thames,116,47,2007
Virginia Fleming,70,79,2020
Jessica Ramirez,63,75,2020
Theda Mariani,72,66,2007
James Watkins,84,57,2012
Fabian Harris,72,68,2009
Shannon Smith,88,67,2021
Steven Mcmillan,92,62,2020
Dorothy Haase,145,22,2022
Bernice Evans,126,16,2009
Andrew Hu,87,16,2006
Brian Johnson,137,59,2017
Kathryn Emily,72,70,2014
Katie Roffe,102,49,2022
Michiko Barclay,114,14,2020
Melanie Mcgraw,88,59,2010
Philip Montoya,134,11,2007
Theron Butler,59,40,2015
Beth Moses,91,53,2005
Charmaine Coll,136,10,2008
Gordon Kirkwood,116,14,2007
Essie Ziler,143,56,2019
Richard Kliebert,135,63,2011
Elizabeth Senter,62,23,2009
Billy Tims,56,10,2021
John Jacobs,95,65,2019
Miguel Hicks,124,71,2016
Theresa Mcmahon,91,57,2005
Connie Hansen,123,15,2021
Hanh Thompson,95,67,2015
Tammy Williamson,95,27,2018
Mabel Moran,115,37,2007
Jessica Noman,65,35,2019
Stephanie Curtis,105,14,2018
Will Beltrami,57,47,2011
Sherry Sing,146,71,2016
William Aguilar,63,70,2006
Michael Fuller,95,80,2014
Olin Southard,114,25,2018
Micheal Powell,146,30,2020
Gay Mckinney,102,21,2016
Ruth Brose,74,8,2018
Jason Halbrook,133,29,2020
Willie Brown,90,18,2016
Stephenie Northcutt,52,73,2011
Martha Finseth,80,62,2020
Warren Jackson,70,36,2009
Robert Rosa,70,12,2020
Jeffery Sweatt,70,40,2017
Richard Mchendry,60,60,2011
Mildred Joeckel,51,30,2021
Tony James,64,53,2006
Bryan Blackard,126,66,2008
Rose Mcguire,53,14,2009
Jarrod Jeter,99,65,2009
Mark Owens,103,11,2008
Freda Genova,78,73,2015
Stephanie Smith,117,9,2009
Lisa Dowst,75,23,2013
Mike Garcia,94,13,2015
Manuel Sepulveda,87,56,2007
William Hemenway,131,31,2008
Abram Mullins,146,57,2011
Ona Caldwell,77,5,2017
Jerry Saxton,54,23,2017
Mark Romero,58,66,2006
Donald Smith,131,41,2016
Cynthia Sanchez,108,77,2014
Robert Bolton,120,8,2018
Paul Kirkland,79,19,2010
Chester Stimpert,99,70,2020
Dennis Goodman,118,16,2015
Kenneth Hansel,91,12,2019
Particia Moroney,76,8,2015
Ralph Duhon,53,56,2017
Matthew Duke,110,35,2005
Petra Campbell,116,34,2016
Hector Casale,62,6,2005
Jerry Lynch,119,22,2015
Kristy Grosz,144,11,2010
Mary Kittinger,69,48,2014
Kevin Martin,112,33,2010
Nicholas Konecny,127,66,2013
Kelly Gill,57,20,2020
Jonah Leech,123,14,2007
Lynn Vickers,69,11,2011
Howard Johnston,124,64,2015
Andrew Gowdy,106,54,2016
Janet Guttmann,84,25,2020
Phyllis Mcelfresh,143,6,2009
Mark Keiper,52,53,2016
Lance Daigle,140,21,2016
Rose Fisher,124,52,2008
William Mazzei,107,7,2010
Wade Holiday,114,34,2016
Hubert Vossler,84,28,2015
Marilyn Croker,83,69,2009
Pamela Lim,112,55,2012
Lourdes Loque,66,58,2010
James James,72,16,2012
Katie Monroe,139,64,2005
Ossie Forster,88,50,2020
Jesus Hickman,85,76,2018
Nikia Sipp,68,22,2008
Christy Leon,131,9,2018
Jane Hunter,95,46,2021
Sheila Grimes,113,68,2012
Pamela Carrasco,60,79,2013
Lynne Turner,50,9,2021
James Landolfi,83,37,2013
Robin Duvall,94,79,2018
Julie Alexander,113,37,2013
James Byrd,123,58,2007
Beatrice Reyes,121,48,2014
Robert Reiff,138,14,2015
Maria Reik,144,12,2013
Virginia Vega,100,14,2019
Matthew Lindsey,57,57,2006
John Tighe,76,79,2008
Barbara Edwards,59,58,2014
Cynthia Hernandez,134,24,2022
Scott Brandon,63,15,2010
Elvin Stiles,100,9,2014
Kathy Luhnow,76,31,2017
Edward Salvato,72,29,2020
Brian Moir,140,71,2005
Sonia Taylor,94,29,2020
Jimmy Millay,129,45,2007
Christopher Howard,89,29,2014
Peter Maccarone,123,72,2012
Chester Montagna,99,57,2010
William Thomas,106,66,2016
Christopher Kitzmiller,121,48,2021
Judith Stafford,68,7,2008
Terri Hartsfield,63,56,2019
Jacquelyn Bigelow,56,22,2017
Marie Wing,86,39,2010
James Jones,51,32,2018
Jared Freshour,148,73,2005
Ron Jorgensen,95,54,2016
Ronda Wilson,140,18,2017
Darrell Beaudry,63,30,2018
Tessa Kradel,145,26,2015
Ellen Louie,90,54,2021
David Myrick,121,28,2017
Fredrick Langehennig,123,48,2016
Eric Coronado,133,53,2020
Mary Longacre,101,32,2021
Sonny Laughlin,74,20,2008
Carl Penn,83,54,2018
Leland Ortiz,57,13,2015
Frances Stockbridge,98,69,2010
Michael Howard,98,44,2016
Christopher Franklin,145,17,2016
Cynthia Gattison,135,18,2019
Chris Burns,102,77,2011
Mac Mays,109,78,2014
Miguel Velez,124,41,2016
Douglas Wolf,108,60,2020
Jermaine Zambrano,118,34,2020
Shawn Gardner,117,14,2012
Troy Kaminski,148,40,2018
Jeanine Saucedo,133,18,2007
Stephen Harland,109,79,2008
Connie Luevano,111,39,2017
James Spaulding,144,22,2011
Jeremy Leng,52,47,2018
Jennifer Brown,117,11,2008
Audry Moskowitz,106,35,2005
June Boyer,133,44,2010
Denise Nichols,126,11,2020
Jerry Taylor,71,21,2019
Jennifer Livings,81,48,2011
Maryann Walker,70,25,2020
John Mobley,96,43,2008
Marvin Janus,95,78,2012
Daniel Harp,72,57,2009
Douglas Mena,81,36,2008
Tina Kerr,55,10,2007
Latoya Davis,65,75,2006
Marsha Veselka,105,17,2012
Kathleen Tamburo,105,48,2008
Ricky Flury,83,51,2018
Holly Simpson,70,5,2017
Thomas Dockery,136,15,2021
Liliana Jackson,106,28,2005
Jack Moore,132,14,2005
Gloria Lamison,89,52,2007
Lisa Taylor,57,75,2012
Jennifer Simmons,117,25,2007
Brian Joyner,58,56,2016
Eric Vaughan,85,76,2014
Jaclyn Gentry,91,66,2011
Bobbie Welch,102,20,2019
Daniel Ash,75,79,2011
Inge Ulloa,134,44,2011
Gabriel Sandigo,143,37,2017
Robert Cann,145,57,2010
Laurie Anderson,124,46,2021
Julia Nieves,55,60,2017
Danny Berg,117,60,2014
Walter Johnson,129,29,2015
David Rivas,89,60,2007
Wilma Phillips,101,21,2019
John Arnold,130,59,2011
Theresa Clennon,76,44,2011
William Moor,128,80,2015
Frank Winchester,118,76,2019
Kimberly Vanzee,136,42,2021
Ida Trejo,74,59,2018
Jack Pares,78,64,2017
Randall Major,130,27,2012
Anna Weems,69,70,2017
Elizabeth Davis,100,44,2017
Grace Garrido,61,65,2012
Donna Mcnitt,60,61,2017
Ted Bibbins,93,80,2020
Williams Quarterman,121,28,2020
Barbara Toothman,61,8,2013
Julius Stevens,136,57,2014
Jenny Vanos,94,48,2008
Debbie Porter,146,62,2018
Beulah Wilkinson,86,18,2014
Vicki Faul,105,37,2020
James Taylor,58,20,2017
Donna Palmer,60,42,2018
Joy Boyes,149,31,2005
James Cobb,64,75,2013
Denyse Welch,115,47,2008
Ross Mayfield,59,55,2012
Thomas Schmidt,147,51,2013
Jackie Riley,145,38,2013
April Davis,71,77,2020
Louise Crouch,148,48,2006
Roy Dishon,91,9,2020
Thanh Pepin,144,80,2011
Richard Ford,88,8,2020
Ann Kasprzak,68,30,2005
Michelle Smith,55,77,2018
Irene Colunga,140,58,2021
William Norris,85,14,2013
Brooke Crawford,62,34,2021
Trevor Thiel,84,51,2005
Richard Nikas,63,33,2019
Lara Carter,66,66,2010
Doris Huntsinger,79,32,2008
Rebecca Frase,139,42,2012
Richard Keri,128,75,2022
Leola Hines,134,80,2010
Bridget Dicken,130,66,2008
Cara Cooper,105,55,2018
James Jenkins,94,31,2016
Thomas Garza,78,16,2015
Robert Sellers,76,5,2021
Joseph Durham,57,43,2008
Dean Cuomo,99,15,2014
James Purnell,141,60,2018
Johnny Green,97,16,2005
William Arebalo,70,48,2011
Aja Stewart,105,56,2005
Matthew Bell,119,7,2016
Todd Thompson,147,75,2012
David Joyner,68,11,2007
Kareem Cullom,129,43,2006
David Paniagua,68,23,2017
Sean Clemons,89,59,2016
Louis Talley,79,5,2014
Maria Dowell,59,34,2018
Ronald Drayton,64,73,2011
Winifred Neal,138,28,2019
Mary Younker,110,56,2017
Lois Scott,84,80,2009
Eddie Meeler,85,39,2015
Richard Goodwin,126,62,2005
Casey Tell,117,56,2013
Margie Stein,122,47,2016
Scott Mcbride,139,67,2008
Angela Hix,76,16,2005
Timothy Melgar,50,5,2009
Terri Connaughton,148,32,2019
Clifford Boudreau,146,29,2017
Andrew Hale,54,74,2021
James Schmidt,85,52,2009
Bryan Adams,101,65,2020
Mary Horne,80,29,2011
Thomas Colbert,77,26,2006
Lorenzo Graham,90,22,2018
Katherine Juarez,75,54,2013
Robena Amos,109,80,2013
Jonathan Henley,150,39,2005
Carolyn Callahan,92,33,2011
Corina Friedman,149,30,2017
Patricia Jones,125,79,2011
Lois Poyner,54,23,2017
Connie Leek,122,62,2017
Juanita Watts,119,54,2017
Roger Rauh,81,49,2007
Francine Jones,131,22,2008
Jose Senff,123,36,2005
Leonard Taylor,62,17,2007
Charles Wash,72,42,2015
Kristi Rapkin,117,79,2007
Todd Allen,105,20,2022
Floyd Savage,85,69,2012
Edwin Heflin,63,23,2010
Amanda Norton,110,34,2015
Winnie Fernandez,80,48,2010
Bertha Mendoza,118,61,2018
Steven Nichols,116,70,2014
Stephanie Crosier,134,77,2021
Ernie Comacho,84,62,2007
Lorna Fraiser,56,8,2013
Gordon Heller,84,67,2007
Elizabeth Cockrell,115,53,2019
Rodney Sawyer,145,33,2007
Felipe Hutcherson,99,43,2012
Robert Sharpe,97,43,2013
Kimberly Paker,105,14,2022
Lauren Brewer,67,7,2015
Richard Greene,74,75,2020
John Bahner,120,47,2018
Leon Steiner,141,73,2009
Mildred Dale,137,73,2010
Melinda Pedigo,105,47,2008
Frank Gebhardt,114,14,2012
David Adams,118,6,2012
Veta Rickley,128,14,2005
Jason Mealy,50,6,2021
Ralph Owens,72,48,2021
Bridget Lohman,70,23,2020
Dexter Trujillo,90,41,2020
Anna Tang,79,33,2007
Susan Engel,61,16,2005
Farrah Cosby,86,35,2009
Chester Hamblen,92,69,2008
Brian York,95,49,2005
Emily Perry,74,76,2020
Ricky Agro,58,66,2016
Shirley Terracina,50,78,2005
Robert Williams,148,73,2010
Christopher Starnes,64,59,2009
Cameron Bojorquez,115,21,2022
Linda Orcutt,148,45,2010
Emil Sumstad,117,46,2022
Florence Morris,54,39,2013
Sylvia Reager,118,26,2009
Latoya Robbs,82,52,2016
Maribeth Veronesi,137,32,2021
Tamara Martin,84,41,2020
Susie Fallon,120,43,2009
Joanna Draves,115,45,2006
Nancy Fisk,91,27,2008
Emma Steele,149,29,2014
Mary Holland,85,54,2009
Jody Tetreault,131,79,2017
Adam Rico,111,26,2020
Michael Stengel,114,39,2012
Mary Stokes,76,50,2011
Beverly Athan,62,72,2022
Glenna Paradiso,137,76,2007
George Sargent,131,65,2010
Calvin Mccafferty,67,16,2006
Antonio Gullion,54,32,2010
Sandra Taylor,53,74,2021
Paul Holden,99,69,2013
Helen Black,59,73,2010
Jessica Rickards,120,20,2006
Carmen Ritchie,50,74,2017
Robert Wheeler,97,5,2011
James Daniels,61,30,2010
Erica Renner,52,66,2014
Leanna Boudreau,61,24,2010
Marion Smith,126,74,2012
Ryan Gallegos,126,74,2005
Annie Garza,127,5,2012
Roberta Garofalo,63,76,2005
Yasmin Sellers,61,64,2006
Steven Vaillancourt,64,73,2018
Leopoldo Knutson,69,75,2016
Ronald Gentsy,87,63,2014
Paul Castillo,80,42,2005
Rosemary Vargason,60,34,2008
Sidney Ivey,140,26,2011
Forrest Millett,136,32,2021
James Gall,145,80,2019
Ramiro Kertis,119,32,2005
Amy Gatesy,104,17,2020
Danny Presto,127,74,2007
Karin Blankenship,132,72,2009
Larry Dunaway,97,8,2005
Herbert Leon,148,20,2021
Sylvia Hatfield,92,45,2013
Mary Justice,90,29,2008
Paula Aguilera,112,30,2011
James Allen,80,24,2016
Jennifer Oestreicher,87,26,2007
Elizabeth Lester,120,6,2022
Joel Walters,105,10,2010
Judy Felipe,72,67,2017
Wanda Larson,103,57,2009
Ethel Miller,138,68,2019
Alberta Godwin,144,54,2005
John Dowling,66,8,2014
Raymond Bradley,95,22,2018
Stephanie Talley,136,20,2011
Patricia Grubb,68,46,2013
Charles Robinson,142,34,2012
Dale Baca,69,5,2018
James Gaytan,84,36,2019
Stephen Osbourn,94,50,2013
Francis Viejo,61,9,2020
Micah Albritton,101,35,2021
Richard Hunt,127,74,2020
Lester Radden,57,64,2015
Marion Emilio,85,43,2019
Rachal Kilburn,98,33,2013
Nicholas Anderson,116,26,2017
Benjamin Dewitt,63,8,2016
Eric Whitford,114,43,2020
Esther Grace,84,69,2018
Rachel Bowdre,142,25,2011
April Colucci,68,41,2019
Catherine Roloff,105,19,2020
Macy Ladieu,63,37,2010
Anthony Moss,106,70,2016
Mary Welch,80,30,2008
Neal Mckinney,94,71,2016
Joseph Drye,54,46,2019
Samantha Freyman,57,80,2016
Williemae Kirby,107,19,2005
Dorothy Willis,131,55,2014
Robert Robb,118,33,2009
Colleen Muchow,100,61,2007
Michael Vorhies,124,25,2015
Lisa Pizarro,60,56,2009
Elizabeth Ruiz,87,42,2019
Dawn Schiffman,103,68,2017
Patrick Crosier,146,23,2006
Thomas Saleado,143,58,2019
Laura Mackiewicz,148,17,2014
Verna Ballard,100,35,2019
Virginia Fitzpatrick,55,30,2017
Gabriel Gladden,102,25,2016
Victor Lewis,93,14,2010
Moshe Thorpe,124,25,2006
Martha Mcmahan,117,44,2009
Carmella Mullins,116,42,2017
Sterling Sawyer,89,53,2018
Ethelyn Porada,116,6,2015
Sarah Papenfuss,106,39,2009
Nancy Thompson,110,53,2006
Antonio Eldridge,92,53,2015
Elizabeth Campion,63,58,2007
Nicholas Bryant,117,25,2011
Maryjane Wolf,61,48,2006
Alexandra Bannon,136,21,2008
Donald Burden,92,78,2011
Anthony Lackey,119,20,2019
Kenneth Wafford,93,67,2009
Christopher Moore,140,8,2021
Robin Gorden,140,49,2008
Mabel Moody,114,75,2015
Sharon Rice,59,26,2017
Lucile Heinbach,86,35,2018
Michelle Piirto,64,70,2013
Bruce Dromgoole,90,80,2007
Kelly Torres,72,74,2006
Angela Pugh,89,16,2021
Wesley Theall,125,11,2022
Anthony Harrod,77,5,2007
Gail Miraglia,105,30,2021
Mario Jackson,56,50,2020
Barry Franco,97,27,2008
Brian Letourneau,112,70,2018
Heather Gonsalves,112,19,2021
Brian Riddell,123,80,2013
Allan Hughes,66,20,2005
Andrew Bundick,50,73,2022
Alex Slaff,91,50,2008
Mary Martin,131,72,2016
William Matthews,120,15,2015
Thaddeus Bailey,140,76,2005
Jeannette Brandes,119,78,2011
Helen Brady,150,34,2012
Paulette Cantrel,94,12,2022
Joel Castillo,57,74,2010
Joseph Shanahan,71,26,2011
Jewell Beach,102,51,2007
Inez Gonzalez,119,63,2021
Michelle Rivers,101,51,2009
Sean Barnes,92,78,2022
Larry Gleaton,109,11,2008
Pamela White,147,75,2021
Laura Oneal,68,70,2013
Jim Murphy,115,12,2006
Harriet Brown,91,18,2018
Bryan Crittenden,52,76,2011
Charles Johnson,138,58,2006
Julie Keeton,112,65,2012
Terrence Stimpson,110,62,2019
Bobby Kennedy,95,68,2016
Charles Uy,140,30,2021
Herbert Jolicoeur,133,9,2016
Patricia Owens,127,17,2010
Frank Wayman,103,77,2020
David Hoggins,62,20,2018
Jeffrey Reed,148,53,2008
Michael Brooks,78,63,2021
Sandra Gartner,145,51,2019
Margery Embry,95,48,2006
Marilyn Dabney,81,61,2009
Seymour Chaffin,74,46,2006
Lindsay King,61,57,2011
Inez Costa,99,51,2021
Charles Riley,70,65,2008
Edward Castellanos,81,80,2017
Cora Davis,74,55,2018
Dennis Carwile,100,38,2006
Patricia Hecht,68,52,2017
Edgar Stancil,61,18,2018
Christina Hernandez,80,65,2005
Rebecca Tiller,75,33,2015
Mark Wickham,130,23,2020
Paul Jones,66,21,2014
Mary Black,115,44,2008
Yvonne Morrison,67,29,2021
Anthony Durall,79,10,2017
Richard Johnson,71,80,2018
Lauren Kirkland,135,29,2020
Stephen Montgomery,71,44,2021
Gary Cortes,93,34,2014
Stephanie Little,50,35,2011
Kirk Kelly,123,36,2012
Jayson Richard,108,72,2017
Anita Eckert,98,10,2018
Gloria Gaffney,54,10,2005
Michelle May,122,41,2006
Edgar Curtis,69,11,2008
Alfred Rowe,68,10,2005
Oscar Wilson,76,74,2009
Jose Taylor,98,47,2018
Monique Moore,106,23,2015
Robert Barham,79,43,2015
William Stengle,86,37,2014
Jerry Hunt,150,14,2012
Vickie Yannone,53,63,2010
Dustin Lawler,54,54,2011
Nancy Dominguez,109,18,2011
Jeffrey Jones,134,58,2015
Elmer Nguyen,150,70,2015
Julie Manwaring,55,53,2021
Scott Thomas,78,13,2009
Isidro Dowd,130,37,2014
Donald Radish,147,77,2019
Carol Dee,144,18,2015
Anna Jones,140,38,2015
Jennifer Dickson,87,15,2019
Velma Weese,105,66,2015
Frank Young,104,61,2016
Dorathy Lamberth,140,45,2006
Jason Sullivan,148,79,2020
Michelle Rosati,134,43,2014
Maxine Gould,109,65,2005
Morgan Rushing,139,46,2018
Gerald Crowder,116,43,2022
Henry Paulino,102,55,2018
Bertha Luna,90,12,2012
Manuel Malick,96,77,2010
James Huckleberry,71,41,2014
Willie Chrostowski,114,76,2019
Stacey Goers,108,49,2020
Sarah Distefano,146,50,2008
Michelle Swilling,96,11,2015
Louis Gibson,57,42,2007
Jennie Lower,99,10,2010
Donald Evans,139,53,2022
Anita Martinez,59,54,2020
Ellen Clements,65,66,2022
Vivian Lowe,51,8,2016
Robert Schulz,85,28,2009
Paul Hicks,140,24,2009
Charles Dunagan,72,37,2009
Martha Manera,125,14,2019
Fern Gibbs,140,32,2006
Joseph Hoffman,90,78,2006
Judy Capel,107,70,2007
Megan Trujillo,110,70,2019
Shara Delgado,138,14,2016
James Nimmons,86,24,2005
Florence Appling,91,49,2007
Priscilla Johnson,79,45,2020
Paris Dews,131,67,2013
Kara Raman,89,44,2010
Sarah Clarke,143,45,2006
Carolyn Heffern,150,59,2017
Joan Petrin,106,78,2005
Eve Chaney,123,75,2015
Mary Beck,79,32,2009
Debra Ingram,95,30,2007
Julie Scovil,59,79,2013
Patricia Castelli,88,57,2019
Timothy Cannon,118,80,2009
Ruth Bell,78,26,2018
Janice Donnelly,73,72,2021
Karen Elliott,109,71,2006
Martin Jay,84,80,2009
Evelyn Mendez,141,22,2005
Chandra Carrier,57,48,2006
Max Elias,89,33,2008
Marie Sauceda,50,17,2021
Franklin Chang,107,53,2007
Martina Guimond,101,32,2005
Marian Wade,145,9,2016
Judith Jarrette,145,14,2020
Nelson Kish,69,35,2013
Jennifer Barrett,128,41,2010
Gina Goldstein,98,76,2019
Leslie Daves,115,24,2005
David Macchiarella,65,49,2016
Victor Wilshire,136,26,2014
Robin Pendleton,149,62,2005
Darrin Owens,133,44,2009
John Matthews,78,63,2019
Susan Koch,55,42,2008
Michael Sterling,87,39,2020
David Cross,97,49,2020
Angela Hertzler,69,19,2020
Jane Phillips,69,51,2010
Sal Hoover,110,67,2012
Jacqueline Brooks,55,43,2010
Thomas Flowers,126,80,2019
Sarah Friedman,92,40,2011
Heather Martin,92,48,2019
Brandon Chavez,89,31,2010
Creola Slater,121,44,2007
Brian Hawkins,79,74,2005
Jerrie Rainey,122,43,2014
Alena Lewis,59,36,2014
Gordon Simmons,97,59,2007
Anne Tippin,84,62,2016
Sandra Penn,121,27,2005
Stephen Monteith,119,14,2022
Gloria Mccoy,59,14,2006
Beverly Hickam,75,35,2014
Stella Crandall,150,75,2011
Ervin Ogaldez,51,14,2017
Andrea Nelson,101,37,2022
John Hines,101,51,2018
John Benton,75,24,2016
Cathy Peevy,71,58,2008
Michael Alves,91,45,2013
Terry Sanchez,89,54,2014
Thomas Gray,96,69,2019
Margaret Drumm,90,27,2009
Anthony Delaney,96,41,2019
Diane Caligiuri,65,14,2006
Anthony Holmes,78,79,2020
Margorie Quinlan,89,52,2018
Garry Spruill,144,12,2011
Florence Roman,67,58,2021
Catherine Savage,93,7,2022
Patricia Cruz,130,37,2011
Michelle Henry,141,23,2016
Michele Jones,74,31,2013
Marjorie Proffitt,111,72,2008
Donald Sosa,137,42,2019
Janet Gonzales,133,36,2012
Ronald Amaya,66,36,2009
Lawrence May,75,21,2021
Leonard Smith,143,80,2014
Katie Walton,83,46,2021
Nancy Brown,89,32,2022
Diann Zellers,74,13,2017
Gilbert Jacko,126,76,2021
Joseph Oldroyd,71,46,2005
Herman Hunt,145,12,2013
Leroy Brandon,81,54,2008
Gregory Roberts,66,67,2016
Lori Wysocki,106,26,2011
Gary Williams,106,37,2014
Donald Felts,90,67,2018
Bennie Carlson,69,22,2022
Cyrus Lambert,107,26,2015
John Johnson,95,14,2017
Tangela Honea,107,43,2015
James Reyes,142,35,2021
John Joyner,138,24,2020
Kathryn Diaz,62,13,2016
Joseph Lamar,87,18,2018
Carlos Triplett,75,47,2022
Barbara Wright,121,32,2013
April Roehl,140,55,2010
Michelle Thomas,103,62,2007
Elizabeth Henderson,130,39,2010
Carolyn Chase,84,59,2009
Tara Siwiec,53,43,2005
Pamela Kelley,142,80,2014
Doug Taylor,124,11,2020
June Rodriguez,100,75,2014
Karen Boles,53,21,2008
Sidney Schmid,103,69,2006
Amy Lee,137,44,2020
Lawrence Russell,89,70,2006
Lewis Webb,150,15,2021
Justin Garcia,115,31,2018
James Greer,85,11,2005
Irma Garza,125,40,2012
Jason Leesman,147,79,2006
Eleanor Heminger,147,78,2020
Randy Mathis,141,54,2013
John Cox,79,13,2009
Brenda Torres,55,7,2015
Richard Noel,86,11,2012
Lois Summerlin,55,50,2010
Juan Burt,60,27,2021
Louise Mejia,81,26,2015
Richard Amie,57,63,2021
Donald Eades,103,26,2015
Katie Daniels,67,19,2010
Nicolle Swartwood,52,30,2009
Shad Mccarthy,96,44,2011
Kevin Smith,64,8,2020
Kenneth Bryant,68,70,2022
Rose Wood,82,11,2019
Alba Pugh,87,37,2010
Stephen Husseini,83,35,2022
Marvin Ratcliff,96,36,2011
Ronald Copeland,144,74,2008
Richard Blackwell,99,42,2008
David Wilson,50,69,2005
Roger Berkowitz,148,66,2008
Renee Kohnen,120,51,2008
Dennis Gonzalez,141,54,2009
Michael Williams,105,44,2017
Debra Davis,149,10,2010
Russell Finger,90,70,2017
Randy Godoy,94,34,2013
Connie Johnson,68,26,2005
Sarah Kassis,104,8,2022
Angela Teas,53,31,2012
Wesley Bowlin,135,16,2015
Michael Sherrill,90,65,2021
Song Fitting,79,36,2008
Joseph Gramby,86,52,2022
Judith Torres,92,5,2010
Janet Webber,112,51,2005
Kathy Brown,107,47,2018
Miles Kennedy,83,20,2017
Alice Fulcher,98,80,2013
Virginia Howard,70,79,2017
Theresa Jackson,57,49,2008
Thomas Suiter,135,72,2012
Ann Rivera,126,54,2013
Walter Land,89,10,2014
Sandy Hullihen,74,34,2010
Crystal Baez,144,44,2016
Brenda Gonzales,134,51,2009
Douglas Stone,55,54,2021
Christopher Rose,89,66,2010
Willie Jefferson,64,70,2020
Patricia Brenner,133,68,2005
Dana Breton,138,28,2015
Mary Clark,84,41,2014
Jared Miller,58,52,2022
Brian Schluter,58,69,2009
Charles Kuhl,146,77,2017
Jacklyn Davis,88,74,2007
Collin Cofer,138,8,2014
Richard Jusino,68,47,2021
Virginia Meyer,147,12,2009
Scott Ramirez,60,40,2022
Bertha Blomberg,107,6,2022
Laura Sandford,99,17,2006
William Nelson,117,21,2018
Solange Schulz,138,15,2016
Maria Iannone,93,26,2021
Harrison Kaminski,66,39,2019
Leslie Miller,150,16,2014
Anthony Corley,134,42,2012
Joshua Caldwell,71,20,2009
Cesar Baker,106,13,2013
William Cook,143,38,2008
Joyce Garcia,52,32,2016
Gregg Morales,118,9,2011
Jesse Corral,85,59,2021
Barbara Inman,57,70,2008
Jennifer Ledbetter,78,22,2011
Doris Bass,101,79,2020
Amos Baker,117,57,2006
Helen Williams,67,45,2018
Joseph Jackson,83,17,2014
Terri Withrow,142,56,2011
Latoya Mitchell,124,25,2022
Suzanne Bailey,68,76,2021
Sheryl Valdovinos,133,19,2008
Steven Hale,65,46,2020
Florine Wilburn,79,69,2010
Donald Beckwith,133,51,2013
Mary Kroon,136,38,2020
Dean Liao,72,54,2011
Eileen Riley,143,57,2012
Meghan Krumm,128,15,2016
Abigail Woodard,99,39,2019
Greg Smith,118,14,2016
Oliver Spears,65,71,2019
Cyrus Trudeau,149,21,2007
James Gilbert,146,56,2013
Jean Zeller,81,18,2019
Anthony Adam,99,31,2017
Lucy Morita,115,45,2010
Brian Perkins,77,42,2018
David Gordon,136,72,2018
Dallas Buck,88,21,2009
Roger Purcell,77,22,2018
Jeffrey Blanchette,108,19,2005
Adelaide Jackson,74,36,2015
Tamara Abraham,109,73,2017
Rusty Stokes,114,18,2010
Shawn Woods,108,47,2019
Barbara Parrish,97,78,2020
Joshua Warnock,60,43,2012
Marcellus Craig,93,65,2011
Milissa Martinez,67,56,2021
David Place,125,6,2011
Hazel Sheeley,129,55,2015
Barry Busby,145,25,2017
Camille Swafford,108,31,2009
Bryan Moye,71,7,2015
Joseph Jackson,57,22,2022
Georgia Nguyen,127,66,2020
James Larson,75,63,2005
Cecil Laird,114,45,2019
Robert Cano,90,64,2009
David Santos,82,9,2009
Herbert Floyd,143,11,2012
Katherine Faw,76,34,2017
Earl Whitney,72,34,2009
Pamela Lambert,65,53,2006
Norma Hughes,94,30,2016
Luis Baker,63,38,2018
Harold Phillips,145,55,2018
Alaina Reese,134,47,2013
Zachary Rutski,107,30,2022
Leonard Kendrick,95,43,2015
Chad Smith,125,33,2022
Paul Mcconnel,123,44,2013
Marcia Roblow,64,48,2013
Lionel Cartagena,119,65,2017
James Anderson,75,58,2006
Charles Petersen,77,61,2006
Christopher Feist,78,78,2008
Theresa Dilullo,63,37,2008
Marie Betts,139,11,2020
Margaret Drake,51,8,2007
Dorothy Harris,136,67,2007
Mary Trogdon,65,69,2022
Jeffrey Romero,71,44,2015
James Avila,125,50,2010
Ronnie Ayala,56,69,2006
Peter Hobbs,149,15,2006
Monica Fischer,145,58,2013
Patricia Mero,95,64,2017
Judith Cruz,81,35,2009
Leslie Aranda,52,56,2013
Dusty Breaud,51,33,2018
James Hoey,103,68,2007
Kevin Kramarczyk,128,21,2014
Alice Strange,81,39,2019
Patrick Eldredge,60,15,2005
Marjorie Tarrant,122,72,2022
Preston Snoke,70,78,2010
Terrence Tewksbury,85,41,2011
Ruth Forsyth,65,15,2011
Kevin Sweeney,59,64,2018
Charles Woods,142,36,2011
Steven Johnson,94,34,2015
Vanessa Leech,129,49,2015
Timothy Lefebvre,148,30,2021
Michael Bush,75,57,2011
Diane Donnellan,101,78,2013
Jennifer Cain,87,8,2021
Julie Hall,83,73,2016
Ashley Zachary,66,50,2005
Mitchell Depriest,90,74,2021
Pamela Pearl,148,72,2019
Elliott Dipippo,72,56,2006
Rodney Turner,116,36,2010
Laverne Miller,122,13,2014
Janice Robertson,116,27,2008
Dona Eichmann,93,48,2021
Robert Mccormick,114,68,2012
Ray Natonabah,52,34,2011
Bernice Wasson,67,16,2009
Deborah Campbell,62,12,2012
Mark Signs,58,27,2019
Anthony Duncan,67,47,2010
Corey Fuller,139,77,2014
Marshall Perryman,61,27,2007
Jaime Birks,104,70,2010
Seth Hiett,76,73,2021
Sharron Moore,140,28,2005
Rosalie Bell,76,25,2015
Alfonso Lee,54,66,2019
Lori Goddard,115,62,2008
Ira David,124,65,2021
Melvin Gholson,110,70,2021
Clair Prasad,65,18,2009
Eric Castellanos,147,8,2007
Brian Ligon,91,10,2017
Kathryn Beardsley,119,5,2014
Kimberley Lawton,123,36,2015
Rhonda Northcutt,56,69,2009
Monica Long,116,52,2015
Linda Tobin,82,31,2010
Elaine Bogar,100,52,2022
Kyle Hinkle,149,54,2008
Troy Sagraves,128,63,2016
Lynn Miller,96,29,2009
Helen Dozier,113,55,2011
Robert Weipert,133,39,2013
Tommie Colby,66,21,2012
Lavonne Carron,54,41,2007
Octavia Chun,111,5,2016
Sonia Byrne,60,49,2019
Josephine Gordon,125,20,2005
Nancy Oconnor,91,68,2018
Jason Meadows,113,58,2013
April Badillo,71,15,2016
Ronald Oddo,140,73,2022
Paul Maisonave,122,26,2020
James Brown,76,35,2018
Kimberly Diana,116,29,2016
Raymond Wilson,149,18,2009
John Olson,85,32,2010
James Folse,116,55,2018
Milton Wells,128,29,2013
Dale Dietz,81,78,2009
Joanne Hay,64,32,2017
Colleen Gunter,96,30,2016
John Kraft,133,32,2016
Belinda Hight,58,22,2017
Timothy Reyes,117,27,2021
Dean Harris,75,25,2009
James Banks,93,31,2009
Andrew Wilkerson,101,24,2006
Jennifer Holman,71,28,2012
Franklin Blackwell,93,78,2005
Maurice Spear,90,77,2020
Rose Williams,120,27,2021
Amanda Garcia,82,55,2010
Roman Stevens,95,32,2006
Michael Uy,126,30,2014
Patricia Rosa,134,9,2019
Oscar Straub,57,36,2018
Danny Rodriguez,99,55,2010
Albert Kelly,127,20,2020
Fred Pearson,130,74,2012
Susan Matthias,143,80,2010
Stanley Goldfeder,102,39,2018
Kenneth Daigle,109,66,2021
Edward Culver,68,11,2008
Ralph Oakes,104,73,2016
Dewey Watson,134,71,2013
Sharon Cameron,67,34,2010
Bert Turzak,94,46,2016
Melanie Schroeder,74,73,2010
Lucio Hatcher,113,14,2020
Lorraine Kenimer,137,56,2019
Billy Perrone,119,73,2008
Pam Demond,81,80,2009
Shannon Mckinney,147,37,2006
Kurt Roy,75,61,2021
Carlos Brown,62,50,2006
William Holder,150,49,2014
Homer Weber,109,26,2009
Kevin Mcgraw,130,12,2021
Paul Moffitt,107,72,2019
Ernest Chavez,93,26,2022
Rachelle Niece,59,23,2007
Anderson Royston,84,37,2010
Gudrun Robins,134,67,2011
Barry Cleghorn,98,80,2013
Harold Delreal,98,42,2021
Amanda Dimaio,146,35,2015
Calvin Mcdonald,142,35,2020
Shirley Pena,116,73,2022
Homer Carlson,85,72,2009
Cathy Aberle,122,66,2021
Genaro Marsella,143,71,2016
Lucille Hafer,75,69,2014
Martina Caston,106,76,2007
Mark Rhein,87,80,2018
Alyssa Hensley,131,53,2010
Cleveland Tilley,103,31,2007
Dana Reeves,81,17,2015
Lewis Davis,141,77,2006
Ernest Tedder,111,16,2020
Teresa Monica,103,22,2017
Jennifer Mitchell,80,11,2005
Frances Kinde,150,65,2013
Esther Livesay,78,25,2015
James Briggs,115,42,2014
Rita Parker,55,6,2019
Jesse Leonard,125,54,2020
Ann Johnson,83,59,2014
Barbara Mcpherson,90,79,2010
Peggy Peck,134,27,2022
Daniel Snell,129,31,2019
Michael Freudenthal,145,71,2017
June Seeger,54,10,2008
Ophelia Mccombs,55,41,2014
William Ross,52,18,2005
Melida Pugh,60,30,2009
Mathew Newell,137,57,2007
Barbara Anderson,63,80,2017
Gregory Conda,131,26,2009
Frank Lambe,90,11,2005
Mary Wong,147,37,2013
Brandy Kim,114,73,2020
Eric Perry,56,10,2012
Michael Huffman,129,10,2020
Mary Bailey,95,11,2005
Jason Collins,117,62,2020
Paul Courtney,82,53,2018
Marie Burris,56,58,2007
Stacy Lear,116,60,2019
Chester Hickson,125,33,2014
Nancy James,104,44,2014
Monty Huitink,103,65,2012
Kenneth Harmon,144,59,2005
Michael Harris,90,72,2017
Sarah Lamy,126,80,2022
Thomas Catlett,105,36,2007
Michael Waites,144,39,2007
Wilbur Edgerton,132,57,2021
Jesse Solomon,51,64,2015
William Prather,148,69,2007
Jerry Lee,57,28,2007
Casey Simon,101,26,2020
Glynis Winn,109,13,2022
Lucy Jones,149,62,2006
Royce Olson,146,9,2015
Kevin Collum,55,51,2006
Ida Cummins,93,17,2008
Ronald Mazzola,51,48,2015
Dale Ward,84,15,2020
Jill Billman,85,14,2017
Lisa Mcdonald,145,24,2022
Rodney Holland,101,18,2010
Maria Bernet,144,56,2020
David Johnson,125,74,2020
Phillip Hines,111,21,2007
Mary Cousins,82,68,2014
Kevin Mclarney,112,9,2018
Rachel Oday,51,26,2007
Craig Newman,59,70,2019
Criselda Morein,54,51,2019
Antionette Davis,137,57,2019
Milton Johnson,75,6,2006
John Poulin,63,12,2011
Jeremy Ray,59,66,2020
Timothy Stevenson,57,30,2021
Christine Vega,147,39,2012
Leola Olive,125,15,2009
John Piedra,52,55,2016
Richard Lawson,86,31,2016
Betty Smith,140,78,2016
Lloyd Chambers,133,76,2013
Olive Gustafson,98,80,2018
Jason Hall,97,29,2016
Shawn Alvarado,117,8,2013
Margaret Hess,101,62,2008
Hector Long,138,72,2017
Linda Poole,50,21,2005
Rene Shuffler,133,16,2012
Carmen Rutledge,61,26,2009
Billy Marshall,70,46,2021
William Reese,71,64,2013
Tyler Ball,88,8,2006
Kenneth Higgins,97,45,2014
Kacey Goshay,127,60,2009
Lucy Farley,67,26,2015
Rebecca Cleghorn,113,70,2020
Beverly Rigsby,65,43,2015
Goldie Sauceda,115,48,2007
Christopher Tracy,135,15,2012
Nelson Hall,85,34,2016
Jessica Hopkins,69,69,2007
Clinton Robinson,123,28,2012
Kathy Beasley,116,42,2019
Eric Hammett,127,46,2005
Cara Burnett,73,44,2008
Kathleen Cameron,115,56,2020
Mary Gillam,112,51,2012
Toni Crawford,143,39,2009
Adrian Mcclain,56,36,2015
Clyde Koller,95,79,2007
Candace Schell,75,73,2014
Allen Miller,124,6,2022
Christina Buckley,53,44,2013
Dennis Arcangel,130,80,2007
Jamie Anzalone,59,38,2011
Elizabeth Mcclish,136,38,2015
Frank Jessica,84,70,2005
Jim Legg,77,68,2013
Joyce Collier,52,22,2021
Suzanne Black,109,36,2013
Richard Raymond,141,11,2015
Valerie Garrison,85,30,2014
Stanley Wyble,135,64,2021
Michael Russell,108,39,2021
Jennifer Thompson,75,54,2014
Saundra Jackson,69,24,2006
Stephen Tarantino,96,65,2013
Edward Williams,136,58,2007
Carrie Concepcion,148,27,2010
Joseph Valentine,143,22,2020
Marie Holman,92,44,2020
Kenneth Johnson,81,71,2008
Vanessa Burket,61,46,2019
James Chambers,53,65,2012
Vicky James,112,6,2012
Peter Hicks,71,15,2015
Karen Hamrick,150,37,2022
Norman Mount,85,73,2014
Thelma Hall,135,56,2022
Karla James,148,75,2018
Benny Yuengling,93,17,2019
Jeanna Misiaszek,100,32,2011
Myrtle Pinsky,63,76,2006
Sandra King,111,53,2013
Carolyn Smith,102,30,2007
Sean Garcia,136,70,2013
Grace Johnson,105,25,2011
Mary Caldwell,103,30,2015
Sabrina Raver,104,6,2019
Lillian Harvey,64,56,2019
Otis Cooney,53,79,2022
Deborah Presler,95,66,2020
Monica Cox,58,24,2007
Stephen Jones,58,20,2005
Martin Smith,120,41,2011
Julie Cherry,50,34,2017
Juliann Bass,75,18,2013
William Mckoy,137,16,2009
Karen Mcalvain,105,44,2009
Brenda Adler,139,48,2012
Diane Swanson,90,45,2015
David Knight,115,79,2006
Sarah Flores,144,20,2015
Cheryl Burgess,93,66,2021
Penelope Lamar,84,65,2021
Nicole Richards,144,34,2007
Jefferson Castellanos,74,32,2010
Susan Borges,84,80,2008
James Hopkins,123,30,2016
Richard Riley,59,35,2005
Dennis Dickerson,114,79,2019
Lance Garza,73,37,2010
Ken King,60,48,2010
Alfred Williams,105,74,2021
Ann Goss,129,21,2018
Mary Forshay,146,43,2010
Lorine Cooper,123,9,2020
Dawn Ridings,117,43,2022
Jean Williams,121,78,2005
Larry Wilson,73,42,2019
Barbara Winchester,128,5,2017
Samuel Dunn,103,8,2008
Joey Turpin,90,36,2013
Julie Hall,72,76,2007
Mildred Vanwinkle,56,64,2019
Andrew Twichell,77,58,2017
Harold Lewis,150,26,2013
Jerrie Covey,75,28,2013
Joseph Leblanc,94,68,2022
Chris Brady,66,52,2015
Jeffery Frilling,128,52,2011
Annie Handy,124,52,2006
Brian Alsip,75,28,2019
Terri Thompson,65,72,2020
Charles Griffin,113,62,2005
Mike Williams,84,46,2011
John Page,58,80,2012
Juana Sippel,110,66,2010
Robert Batty,110,65,2010
Vicki Quilliams,105,61,2015
Rickey Blanco,56,65,2009
Michael Crabtree,141,24,2005
William Waldeck,93,31,2018
Debra Crittenden,85,41,2019
Roselle Towry,85,37,2010
Mary Miller,68,37,2018
Glenna Wolstenholme,65,27,2011
David Kropp,124,80,2008
Barbara Brady,70,11,2015
Patricia Joyner,50,66,2010
Steven Mendez,146,7,2013
Joe Williams,142,24,2015
Barbara Bethea,74,48,2016
Joseph Foushee,133,28,2018
Blanche Mattson,109,33,2014
Delores Coffin,102,5,2021
Jamie Cronan,122,52,2010
Mary Donaway,101,65,2012
Nancy Purvis,81,52,2017
Michelle Holloman,105,74,2017
Josefa Webb,147,30,2021
Jonathan Porter,54,18,2008
Florence Root,98,46,2016
Tracy Mailloux,79,49,2021
Zelma Deutsch,105,54,2020
Julie Fletcher,54,57,2021
Ellen Simmons,68,27,2018
Maria Vela,142,21,2007
Lawrence Khachatoorian,52,18,2007
George Hines,101,48,2014
Susan Johnson,87,45,2012
Rafael Mcclellan,133,16,2009
Leandra Jones,140,57,2009
Lucia Bica,117,41,2008
William Prater,145,51,2022
Anne Torres,134,77,2011
Julie Sanders,114,17,2013
Scott Pagan,61,67,2015
William Urias,125,70,2022
Pamela King,104,68,2006
Anna Williams,143,75,2005
Richard Thomas,91,36,2022
Barbara Cahall,150,24,2006
Trent Poe,146,75,2011
Janet Guest,60,13,2014
Mary Jones,125,32,2007
Dennis Zielinski,91,9,2006
Lino Corey,133,22,2020
Bryan Pell,110,53,2010
Donald Ethridge,95,5,2011
Stanley Frost,99,68,2013
Cory Bourne,103,59,2007
Bryan Salas,73,39,2019
Timothy Walter,136,74,2018
Kimberly Duckett,57,19,2011
Mary Zuniga,110,5,2018
James Griffiths,145,13,2012
Steven Mulroy,102,64,2019
Justin Martin,117,29,2009
Kelvin Miller,148,73,2010
Mary Smith,134,9,2019
Mark Johnson,127,40,2022
Robert Seery,60,57,2018
Ollie Camille,73,70,2019
Darin Hershberger,88,65,2016
Louis Peterson,70,27,2011
Nell Crowder,73,8,2007
Duane Roman,101,66,2008
Arthur Riggs,112,64,2013
David Gerhart,78,58,2015
Jeffrey Dunnigan,94,74,2017
Tony Macpartland,70,7,2012
Fredrick Burton,121,59,2022
Ellen Cipriano,131,22,2017
Jana Christopher,127,59,2007
Ronald Alford,60,22,2005
Cliff Obando,59,70,2015
Virginia Green,52,69,2010
Melissa Gonzalez,137,61,2020
Maurice Shear,95,35,2013
Felix Allen,70,48,2012
Kathleen Barney,73,17,2020
Kelsie Rayome,125,42,2017
Mary Hawes,50,51,2022
Rogelio Davenport,90,55,2019
Arthur Hanks,60,57,2009
Michael Ross,101,56,2012
Jim Tyree,81,13,2015
Lorna Cannon,79,53,2014
Iola Beach,95,5,2022
Amy Espinoza,86,26,2022
Iva Cahill,122,46,2021
Brian Evens,69,19,2020
David Chapman,77,49,2016
Keith Kilburn,140,56,2011
Lourdes Samuel,95,44,2009
Brian Jackson,117,67,2019
Jeffrey Sims,84,49,2022
Laurie Buzzell,128,68,2014
Yolanda Paynes,130,55,2019
Minnie Taylor,87,71,2010
Rene Rivera,67,33,2005
Logan Feagin,140,26,2010
Roman Ewing,71,40,2013
Robert Webb,121,39,2010
Lu Ward,93,34,2015
David Campbell,135,79,2016
James Foreman,68,23,2014
Helen Gavenda,72,16,2018
Wade Johnson,111,47,2010
Dovie Strickland,96,74,2018
Thomas Cochrane,99,75,2007
Jerry Robison,116,21,2009
James Holston,72,32,2018
James Osborne,94,26,2008
Alan Yashinski,103,45,2005
Alfred Caudel,64,57,2012
Kyle Peterson,112,25,2007
Jose Waters,87,66,2014
Sharon Kealy,96,69,2010
Bernard Cameron,106,80,2014
Bradley Metz,81,46,2010
William Rhoda,142,74,2020
Diane Isenberg,61,23,2020
Steven Lee,70,15,2021
Bobbie Macfarland,63,59,2020
Ruth Macpherson,133,33,2017
Beverly Wilhelm,149,73,2008
Terry Riley,87,70,2016
Kevin White,104,11,2015
Annette Demers,150,51,2016
Diane Young,89,24,2009
William Ortiz,145,64,2007
Randall Abeles,81,6,2014
Annette Knutson,112,74,2009
Susan Martin,143,61,2005
Lauren Kline,81,23,2017
Mary Fields,84,66,2020
James Sanderson,90,32,2013
Lisa Jeffery,61,15,2021
Gretchen Teague,52,41,2017
Shanna Dhondt,117,31,2009
Jennifer Lamoureux,142,80,2022
Tina Moore,135,73,2007
Peggy Difilippo,54,62,2011
Geraldine Jervey,134,18,2007
Marvin Greenleaf,146,10,2016
Roy Caponera,119,38,2009
John Oliver,131,6,2016
Lloyd Sales,128,18,2008
Bruce Gooslin,57,9,2018
Rodney Meinke,105,68,2019
Walter Aguilar,95,28,2011
Lawrence Rogers,102,47,2019
William Exum,140,64,2020
Billy Ramos,138,22,2013
Krystin Benefield,84,30,2011
Mike Eley,61,31,2018
Suzanne Antilla,131,71,2016
Geraldine Summer,135,44,2018
Gordon Robinson,67,78,2010
Matthew Oehler,51,75,2010
Ida Holland,80,22,2011
Randy King,64,77,2011
Nick Curi,108,62,2007
Robert Perez,128,5,2017
Daniel Zuniga,125,44,2009
Gloria Lanham,113,15,2021
Luis Barnett,108,40,2006
Dixie Bashir,73,14,2013
Paul Graham,110,75,2021
Celestine Weldon,65,38,2021
Bulah Newnam,137,66,2022
Ruthann Johnson,50,77,2019
Gordon Cannady,146,39,2010
Roy Wolfson,58,42,2020
Sandra Watts,125,74,2005
Deborah Egbert,83,39,2008
Stella Ward,145,56,2005
Patsy Reams,126,69,2009
David Mcfarland,57,78,2008
Laura Byker,82,31,2014
Gary Gorman,98,63,2017
Bryon Treinen,81,52,2019
Nakesha Miller,132,62,2009
Don Cooper,84,74,2007
Jenna Pearson,116,10,2006
John Robertson,88,11,2006
Lisa Jones,119,26,2013
Catherine Courtney,81,14,2014
Daniel Grimes,113,22,2013
Bernadine Banks,73,33,2017
Joseph Judson,113,45,2021
Guillermina Borda,92,25,2015
Deborah Namm,148,54,2020
Juan Cleveland,109,36,2019
Renee Mccain,90,32,2013
Alfonso Sanders,124,31,2016
Patrick Statler,55,59,2006
Laverne Smith,54,75,2016
Thomas King,112,55,2015
Charlie Porter,143,37,2015
James Bennett,123,26,2015
Janet Mann,99,52,2014
Anna Hall,122,38,2007
Joseph Plunkett,143,9,2005
Lynn Quintana,102,50,2014
Barbara Walz,141,35,2011
Marcus Reed,134,36,2022
Myrtle Vernon,75,32,2015
Susanna Svobodny,86,20,2007
Alice Lewis,70,78,2005
Debbie Pace,95,19,2013
Doug Langenfeld,51,8,2008
James Gagnon,141,39,2019
Roger Baker,76,18,2011
Mary Oliver,125,77,2021
Michael Minton,111,33,2011
Esther Mckee,93,66,2010
Harvey Driscoll,124,40,2017
Perry Reffett,84,73,2020
Steven Bisono,106,70,2007
Greg Levy,89,22,2019
Heather Garland,100,6,2013
Melvin Bolin,116,22,2007
Lyndsey Catalano,142,41,2005
Guy Hoover,109,15,2011
Kelley Hileman,94,43,2021
Robert Thomas,148,46,2010
Robert Haag,111,8,2013
Greg Greene,62,78,2009
Carlos Helm,55,80,2007
Mark Fehr,73,42,2010
Donald Flournoy,133,78,2007
Eva Bear,146,13,2010
Matthew Whittenburg,118,57,2005
Amy Bender,112,43,2020
Frank Ford,82,31,2015
Cleo Wilkins,100,8,2020
Daniel Horn,132,50,2008
James Romero,59,39,2008
Clayton Harper,95,45,2011
Alvin Seburg,94,14,2006
Patrica Davis,96,20,2017
Nancy Polly,131,29,2015
Tia Charbonneau,111,72,2016
Mercedes Solis,105,75,2021
Derek Hudnall,71,13,2006
Harvey Orvis,94,67,2012
Libbie Rodriguez,66,75,2008
Traci Heyd,131,37,2007
Agustin Gabbard,65,51,2021
Eric Polk,52,36,2010
Patricia Flores,103,59,2012
Lillie Fox,117,35,2011
Maude Reid,52,75,2007
Jonathan Fielding,101,77,2014
David Hang,62,74,2009
Fred King,148,78,2015
Norbert Sandoval,113,52,2006
Glen Leidall,139,50,2006
Robert Brescia,80,26,2006
Rebecca Sinclair,108,33,2018
Troy Drury,77,45,2007
David Geller,145,44,2005
Vincent Boerger,85,17,2006
Dexter Faul,87,71,2012
Bobbie Thorpe,130,18,2021
Justin Ibarra,129,18,2018
Catherine Pignone,131,36,2019
Charles Bessler,119,63,2009
Jennifer Carbone,60,73,2006
William Akins,109,14,2008
Marie Paschke,83,64,2018
Sara Davisson,124,16,2014
Louise Ward,100,46,2007
Micah Gardner,76,33,2011
Pat Mckee,126,59,2009
Alan Levine,57,8,2018
Jane Sagredo,107,27,2006
Gaye Clopper,130,59,2016
Hae Kirby,123,78,2014
Christopher Alford,65,62,2015
Timothy Barnes,121,62,2006
Becky Mallory,127,8,2017
Esther King,124,73,2017
Gary Combs,62,13,2008
Stephanie Bruner,62,47,2016
Grady Morgan,147,48,2006
Earl Hills,130,35,2021
Anne Moten,91,14,2009
John Darling,98,8,2007
Kathryn Hutchison,133,24,2012
Wilford Kofford,79,47,2021
Edward Mcfarland,60,48,2020
Margie Wynn,97,22,2015
Theresa Jervey,96,46,2008
Bruce Bland,86,36,2015
David Freiseis,114,48,2022
Mable Wilson,50,62,2013
Eric Eagleton,65,42,2015
Bertha Junkin,84,78,2017
Misti Ross,61,62,2014
Dawn Wang,144,65,2013
Lowell Budney,89,34,2012
Randy Dubay,138,62,2018
Dollie Aune,112,39,2021
James Medford,117,65,2009
Janice Franklin,141,7,2018
Jeffrey Minvielle,67,63,2015
Marilyn Gibbs,63,23,2013
Carla Bobo,99,39,2012
Mary Naquin,106,7,2020
John Franz,64,6,2021
Else Harris,63,52,2016
Fallon Jiron,111,69,2008
Jose Moore,98,34,2007
Arthur Carter,128,67,2015
Lawrence Carlton,121,62,2017
Alice Squires,110,73,2009
Danny Horton,136,40,2021
Jonathan Efird,106,74,2006
Larry Manjarrez,111,7,2022
Kenneth Robinson,93,65,2022
Carole Hammer,149,50,2009
Eddie Wilkerson,83,26,2021
Jack Miller,51,11,2009
Mark Ali,89,58,2010
Renita Allen,106,39,2014
Jason Yung,144,35,2021
Stephanie Myers,126,72,2009
Kimberly Kazmierczak,119,46,2007
Gary Maines,57,64,2011
Tijuana Lafayette,126,80,2008
Edna Weiss,145,52,2015
Jeffrey Bundren,67,52,2019
